date,open,high,low,close,volume,funding_rate
2022-10-19,7.999,8.595,6.564,7.3,347173539.7,-0.0094003
2022-10-20,7.301,7.74,6.9,7.357,147099164.9,-0.0015636399999999
2022-10-21,7.357,7.68,6.981,7.49,123913199.5,-0.00139587
2022-10-22,7.49,9.28,7.333,8.937,229428158.0,-0.0016070199999999
2022-10-23,8.937,10.2,8.851,9.754,388443586.1,-0.0118348799999999
2022-10-24,9.754,9.962,9.224,9.52,224086175.3,-0.0029829
2022-10-25,9.52,9.555,8.512,8.775,204121343.8,-0.00120557
2022-10-26,8.775,9.28,8.601,9.191,156974817.0,-0.00101306
2022-10-27,9.191,9.63,8.58,8.698,134977354.5,-0.00068372
2022-10-28,8.698,8.826,7.922,8.173,132186233.2,-0.0004309799999999
2022-10-29,8.174,8.367,7.586,7.952,97029881.2,-7.669e-05
2022-10-30,7.95,8.384,7.588,7.796,73307527.3,0.0003
2022-10-31,7.796,8.219,7.656,7.927,66278031.9,0.0003
2022-11-01,7.928,8.318,7.81,8.188,72946418.8,0.0003
2022-11-02,8.191,8.206,7.087,7.37,81809434.7,7.732e-05
2022-11-03,7.37,7.559,7.161,7.227,39734281.4,-2.529999999999998e-06
2022-11-04,7.227,7.785,7.154,7.65,44140453.6,0.00021609
2022-11-05,7.651,7.999,7.512,7.62,47260279.4,0.0003
2022-11-06,7.621,8.228,7.216,7.304,96953189.1,0.00021761
2022-11-07,7.303,7.459,6.79,6.998,62905652.7,2.674e-05
2022-11-08,6.998,7.02,4.462,5.368,125177189.5,-0.0001404
2022-11-09,5.368,5.383,3.437,3.9441,123170924.4,-0.00144517
2022-11-10,3.9448,5.483,3.8359,5.1515,100259381.5,-0.00936683
2022-11-11,5.151,5.3449,4.463,5.18,59087551.6,-0.00102316
2022-11-12,5.1793,5.1829,4.4254,4.543,32735158.6,8.749e-05
2022-11-13,4.5426,4.615,4.1107,4.2162,36186656.8,6.157e-05
2022-11-14,4.2164,4.5105,3.752,4.1905,48518191.6,-0.000139
2022-11-15,4.19,4.714,4.1072,4.3344,44740285.3,-4.562e-05
2022-11-16,4.3344,4.9666,4.151,4.4966,92938739.1,-0.0003178099999999
2022-11-17,4.4971,4.85,4.3503,4.6575,90241437.1,-0.00018302
2022-11-18,4.6579,4.9269,4.5114,4.716,53395487.1,-0.00059779
2022-11-19,4.7159,4.7699,4.5,4.6212,24752078.8,-9.094e-05
2022-11-20,4.6189,4.634,4.0267,4.0982,27528922.1,-8.766999999999999e-05
2022-11-21,4.0983,4.1475,3.8557,4.0603,36100488.8,-0.00090256
2022-11-22,4.0612,4.521,3.8509,4.3146,38263673.7,-0.00032893
2022-11-23,4.3149,4.597,4.239,4.438,29788386.8,-0.0001398999999999
2022-11-24,4.438,4.7313,4.2221,4.4358,39926594.0,-0.00020361
2022-11-25,4.4355,4.5525,4.2517,4.4247,27920332.2,-6.758e-05
2022-11-26,4.4246,5.037,4.4036,4.7656,68705267.9,0.0002891
2022-11-27,4.7643,5.0277,4.6041,4.7916,36960327.6,-0.0002895
2022-11-28,4.7906,4.7918,4.2939,4.4746,32149916.1,-0.00083822
2022-11-29,4.4735,4.799,4.4101,4.6698,27265331.6,-0.0003969
2022-11-30,4.6693,4.8798,4.535,4.7675,25020703.6,-0.00019549
2022-12-01,4.7675,4.7883,4.572,4.65,16241139.2,-0.0006099899999999
2022-12-02,4.6512,5.0608,4.5038,4.8975,33701145.6,-0.00021556
2022-12-03,4.8976,5.2413,4.8715,5.1106,92549196.0,-0.0004218699999999
2022-12-04,5.1109,5.37,5.0505,5.1789,63522210.0,-0.00224299
2022-12-05,5.1789,5.4279,5.0,5.1577,49667507.4,-0.00034616
2022-12-06,5.1577,5.4199,4.8463,5.0422,35919926.6,1.5099999999999998e-05
2022-12-07,5.0417,5.0523,4.58,4.8146,29158584.3,-0.00085979
2022-12-08,4.8145,4.9402,4.6813,4.9137,24805113.6,-0.00039664
2022-12-09,4.9136,4.9478,4.7264,4.804,15753537.4,-0.00028946
2022-12-10,4.8039,4.838,4.7534,4.7792,8718873.8,-0.00011896
2022-12-11,4.7794,4.9,4.608,4.66,14917400.8,-9.773e-05
2022-12-12,4.6599,4.7095,4.3,4.523,20566719.7,-0.0003377999999999
2022-12-13,4.5235,4.6675,4.2711,4.6217,24165463.5,-0.00026167
2022-12-14,4.6207,4.7539,4.4688,4.696,21632914.2,0.00029363
2022-12-15,4.6963,4.7931,4.502,4.6641,31486869.1,6.318e-05
2022-12-16,4.6634,4.7414,3.9603,4.0409,29279140.8,-0.00033422
2022-12-17,4.0407,4.1466,3.9501,4.0854,20127618.8,-0.00111326
2022-12-18,4.0855,4.1025,3.9676,4.0483,11914321.4,-0.00147619
2022-12-19,4.0482,4.1394,3.6611,3.8027,30354171.4,-0.00082307
2022-12-20,3.8029,3.9292,3.7815,3.8921,22229072.4,-0.00176489
2022-12-21,3.8924,3.9039,3.674,3.7614,20020642.9,-0.00104115
2022-12-22,3.7614,3.7836,3.562,3.7066,21752387.9,-0.00086794
2022-12-23,3.7066,3.8096,3.6869,3.747,17509523.0,-5.851e-05
2022-12-24,3.7461,3.7783,3.6615,3.6916,10748170.1,-0.00015417
2022-12-25,3.6923,3.7186,3.5211,3.5756,19413712.4,-0.00023437
2022-12-26,3.5755,3.6495,3.552,3.6439,15890050.2,-0.00031062
2022-12-27,3.6433,3.67,3.5211,3.5953,17460357.6,-0.00012761
2022-12-28,3.5952,3.6095,3.13,3.2296,44225911.1,-0.00094964
2022-12-29,3.2296,3.2545,3.06,3.2054,33310509.4,-0.00108559
2022-12-30,3.2057,3.5,3.1113,3.4143,50880940.8,-0.0012871699999999
2022-12-31,3.4135,3.538,3.3205,3.4466,58357511.2,-0.00069453
2023-01-01,3.4471,3.5497,3.4051,3.5185,34086670.5,-0.00053079
2023-01-02,3.5185,3.9,3.44,3.7563,52706346.6,-0.00046358
2023-01-03,3.7557,3.922,3.65,3.8178,50074074.6,-0.00021871
2023-01-04,3.8177,4.0284,3.6991,3.8093,47575968.5,-0.00015697
2023-01-05,3.8092,3.8497,3.6423,3.7079,29334513.9,-0.00022234
2023-01-06,3.7075,3.91,3.584,3.8574,35085138.6,-0.00024058
2023-01-07,3.8575,3.8993,3.781,3.8327,14371184.4,0.00027733
2023-01-08,3.834,3.9677,3.7312,3.9317,23698276.1,0.0003
2023-01-09,3.9307,5.722,3.8917,5.2094,186988054.3,0.0003
2023-01-10,5.2086,5.95,4.9356,5.4835,316508922.3,-0.00028708
2023-01-11,5.4851,5.5293,5.0036,5.2925,152160376.9,0.00027155
2023-01-12,5.2935,6.5938,5.0249,6.4495,223214952.5,0.0003
2023-01-13,6.4502,7.2,6.1962,6.8109,279538726.1,-0.00076778
2023-01-14,6.8109,8.3,6.7592,7.7155,243106050.7,-3.906999999999999e-05
2023-01-15,7.7155,8.88,7.0354,7.9277,239641910.7,0.00094884
2023-01-16,7.9266,8.6514,7.53,8.1324,204219813.3,0.0003
2023-01-17,8.1337,8.3146,7.55,7.6113,110585388.0,0.0003
2023-01-18,7.6115,8.5,7.01,7.6262,187559906.8,0.0003
2023-01-19,7.6217,8.1075,7.5266,7.8696,127177275.2,0.0003
2023-01-20,7.8693,11.5,7.7518,10.9529,276699135.3,0.00017437
2023-01-21,10.9529,13.4782,10.5023,11.76,333840321.5,5.8330000000000006e-05
2023-01-22,11.7594,14.5891,11.7301,13.3001,264954734.9,0.00034005
2023-01-23,13.3,14.445,12.6101,12.677,154557907.0,-0.00061926
2023-01-24,12.6771,13.5778,11.76,12.3168,122624388.8,0.00041634
2023-01-25,12.3159,19.0,12.2203,18.3093,340243618.0,-0.00208973
2023-01-26,18.3119,20.44,17.131,18.1472,266701841.0,-0.00327725
2023-01-27,18.1476,18.79,17.1408,17.7571,129472825.8,-0.00123653
2023-01-28,17.757,19.0,16.56,17.8006,145213441.9,-0.00252766
2023-01-29,17.8,19.0,17.36,18.3404,105399546.8,-6.453000000000001e-05
2023-01-30,18.3406,20.39,16.1677,17.1905,193442655.1,-0.00030377
2023-01-31,17.1906,17.4224,16.106,16.7285,113345848.1,-0.0004492
2023-02-01,16.7286,18.42,15.5798,18.2499,132499829.1,-0.00011173
2023-02-02,18.25,18.7,16.8393,17.2179,97957250.9,0.00027977
2023-02-03,17.2178,17.4749,16.5088,17.0203,71785981.4,-0.0003045
2023-02-04,17.0203,17.0796,16.2661,16.4884,39175602.0,0.0003
2023-02-05,16.4885,17.1,14.605,15.4306,78583539.0,0.0003
2023-02-06,15.4316,15.9777,14.3331,14.955,87160392.4,0.00056437
2023-02-07,14.955,16.24,14.943,16.0568,90343003.2,0.0003
2023-02-08,16.0568,16.3617,14.7096,15.0865,64066299.3,0.00038315
2023-02-09,15.0866,15.1814,12.63,13.3185,96911558.9,0.0003
2023-02-10,13.3186,13.756,12.582,13.653,93094469.9,0.0003
2023-02-11,13.653,14.588,13.23,13.878,77683320.8,-0.0011923099999999
2023-02-12,13.877,14.18,12.914,13.097,49411838.0,4.797e-05
2023-02-13,13.098,13.8,12.334,13.726,88876206.4,0.0002201099999999
2023-02-14,13.726,14.779,13.459,14.741,106686486.0,8.425e-05
2023-02-15,14.741,16.5,14.085,15.945,72435017.4,-0.00065253
2023-02-16,15.945,16.7,14.487,14.693,83573643.0,0.0003
2023-02-17,14.691,15.134,14.091,14.736,62477705.1,0.00019464
2023-02-18,14.735,14.987,14.127,14.428,29250301.4,-0.00024865
2023-02-19,14.428,14.825,13.63,14.077,44801572.6,0.00021074
2023-02-20,14.077,14.398,13.58,14.22,35756149.7,0.0003
2023-02-21,14.221,14.28,13.037,13.442,36361926.7,0.0003
2023-02-22,13.44,13.98,12.748,13.885,51262692.8,0.0003
2023-02-23,13.885,14.157,13.193,13.446,39655743.9,0.0003
2023-02-24,13.445,13.8,12.37,12.838,40727301.0,0.0003
2023-02-25,12.837,12.888,11.5,12.238,42804175.4,0.00020233
2023-02-26,12.238,12.935,12.115,12.634,32477994.7,2.6630000000000008e-05
2023-02-27,12.633,13.064,12.095,12.368,35704619.4,0.0003
2023-02-28,12.37,12.439,11.756,11.884,39595678.9,0.00016108
2023-03-01,11.885,13.496,11.815,13.443,70904060.8,-0.00034406
2023-03-02,13.443,13.721,12.541,12.841,53564190.9,-0.0001090899999999
2023-03-03,12.841,12.885,11.19,11.732,50119855.2,-0.0006946599999999
2023-03-04,11.732,11.836,10.61,11.257,41568826.6,-0.00012155
2023-03-05,11.257,11.536,11.016,11.153,38299847.1,-0.00079363
2023-03-06,11.152,11.506,10.945,11.281,33817764.9,-0.00024603
2023-03-07,11.282,11.723,10.662,11.121,43238806.6,-2.8620000000000007e-05
2023-03-08,11.12,11.2,10.205,10.512,44026387.9,9.358e-05
2023-03-09,10.511,11.467,10.406,11.111,97987702.0,-0.0001517899999999
2023-03-10,11.108,11.662,9.7,10.782,179002648.3,-0.00066742
2023-03-11,10.782,11.097,9.886,10.432,82597971.2,-0.0003549
2023-03-12,10.432,12.092,10.029,11.88,74857372.8,-0.00025776
2023-03-13,11.881,12.778,11.4,12.309,92973789.4,0.00028934
2023-03-14,12.309,14.644,11.967,13.579,107833009.5,0.0003
2023-03-15,13.578,14.199,11.942,12.233,87635820.1,0.00046099
2023-03-16,12.233,12.468,11.805,12.341,57489211.8,-0.00054846
2023-03-17,12.342,13.681,12.087,13.508,67589422.3,-0.00052653
2023-03-18,13.508,14.24,12.601,12.79,59491112.3,0.0002057
2023-03-19,12.79,13.518,12.65,13.025,44935125.8,0.0003
2023-03-20,13.025,13.166,11.971,12.096,39879846.8,0.0003
2023-03-21,12.095,12.529,11.641,12.257,38104142.5,0.00022027
2023-03-22,12.257,13.199,11.71,13.115,58489672.0,0.00018667
2023-03-23,13.114,13.335,12.362,13.275,53454180.6,0.00025667
2023-03-24,13.274,13.276,12.01,12.201,35895573.6,0.00023904
2023-03-25,12.202,12.262,11.368,11.581,23006855.6,-0.00028135
2023-03-26,11.58,12.009,11.395,11.842,18262797.6,-0.00025368
2023-03-27,11.843,12.034,10.823,11.126,29157739.7,0.00014591
2023-03-28,11.126,11.33,10.811,11.258,25049181.4,5.819000000000001e-05
2023-03-29,11.259,11.786,11.207,11.624,22509832.6,5.490000000000003e-06
2023-03-30,11.624,11.841,10.837,11.154,27204364.2,0.00027163
2023-03-31,11.154,11.448,11.041,11.377,21277050.8,5.567e-05
2023-04-01,11.377,11.516,11.052,11.265,11280086.4,0.00024088
2023-04-02,11.265,12.55,11.145,12.157,70149138.5,0.00011339
2023-04-03,12.157,12.16,10.98,11.333,46569405.6,-6.361e-05
2023-04-04,11.333,11.57,11.104,11.464,18450918.0,0.00016874
2023-04-05,11.464,12.04,11.214,11.539,23164718.3,0.00028569
2023-04-06,11.54,11.7,11.215,11.454,22085455.6,0.00027316
2023-04-07,11.454,11.505,11.028,11.152,13831387.5,0.00027395
2023-04-08,11.152,11.3,10.6,11.021,14819606.9,0.00020865
2023-04-09,11.021,11.146,10.842,11.064,11750150.8,0.00027013
2023-04-10,11.064,11.495,10.884,11.45,13301766.8,0.0003
2023-04-11,11.449,12.13,11.318,11.73,36146425.9,0.0003
2023-04-12,11.728,11.989,11.02,11.356,34176284.7,0.00029639
2023-04-13,11.356,12.529,11.247,12.373,43161050.2,0.00029351
2023-04-14,12.374,13.63,12.175,12.682,66897041.8,0.0003
2023-04-15,12.683,12.924,12.413,12.572,20498741.2,0.00036463
2023-04-16,12.571,12.756,12.271,12.597,16244705.7,0.00041503
2023-04-17,12.596,12.858,12.1,12.317,24600010.5,0.0007254799999999
2023-04-18,12.317,12.786,12.12,12.732,19895161.1,0.00049301
2023-04-19,12.731,13.175,11.1,11.3,31014438.4,0.0003832
2023-04-20,11.299,11.483,10.8,11.033,24780980.8,0.0003
2023-04-21,11.033,11.192,9.73,10.146,29915337.2,0.00022227
2023-04-22,10.146,10.437,9.965,10.321,18084165.3,4.201e-05
2023-04-23,10.322,10.338,9.702,10.209,19574411.1,0.00018065
2023-04-24,10.208,10.43,9.96,10.222,24936415.0,0.00025318
2023-04-25,10.22,10.479,9.76,10.363,29706869.0,0.00013358
2023-04-26,10.362,10.881,9.409,10.014,40544646.1,0.0002363
2023-04-27,10.014,10.4,9.913,10.173,27496256.2,6.944e-05
2023-04-28,10.173,10.24,9.858,10.151,17688578.8,0.00019342
2023-04-29,10.152,10.863,10.1,10.727,42937404.6,0.00026005
2023-04-30,10.728,11.0,10.26,10.315,25527290.5,0.00017601
2023-05-01,10.316,10.348,9.762,9.919,22107928.3,0.00017043
2023-05-02,9.919,10.011,9.75,9.922,16455863.7,0.00016927
2023-05-03,9.923,10.144,9.447,10.018,32272940.7,3.423e-05
2023-05-04,10.018,10.032,9.555,9.674,16347686.5,0.00023401
2023-05-05,9.673,9.893,9.48,9.834,18302140.9,0.00010452
2023-05-06,9.834,9.918,9.0,9.204,26238132.6,0.00019225
2023-05-07,9.205,9.424,9.128,9.2,14545409.8,0.00029751
2023-05-08,9.2,9.263,7.965,8.304,32876404.7,0.00019316
2023-05-09,8.304,8.407,8.108,8.344,16589404.9,6.262999999999999e-05
2023-05-10,8.344,8.77,8.0,8.595,28285893.3,0.0002146599999999
2023-05-11,8.595,8.603,7.847,8.058,27543682.3,0.00017626
2023-05-12,8.058,8.345,7.721,8.293,25294023.0,0.00018548
2023-05-13,8.293,8.361,8.155,8.282,12366949.8,0.00013581
2023-05-14,8.282,8.726,8.071,8.47,18711640.8,9.24e-05
2023-05-15,8.471,8.999,8.283,8.578,25028689.3,0.00011091
2023-05-16,8.579,8.741,8.426,8.532,17737684.9,0.00016748
2023-05-17,8.532,8.876,8.319,8.711,21794332.6,9.701e-05
2023-05-18,8.712,8.748,8.323,8.524,17513383.6,0.0002045
2023-05-19,8.523,8.551,8.359,8.428,10574021.8,0.00026992
2023-05-20,8.429,8.51,8.322,8.449,5936143.8,0.00024816
2023-05-21,8.448,8.486,8.039,8.156,10505554.0,0.00028191
2023-05-22,8.156,8.218,7.968,8.1,10560799.6,0.00013699
2023-05-23,8.1,8.558,8.007,8.504,14933168.8,0.00027996
2023-05-24,8.504,8.519,7.864,8.074,16340555.9,0.0003
2023-05-25,8.074,8.099,7.736,7.968,11727026.4,0.0003
2023-05-26,7.969,8.149,7.818,8.062,10903633.1,0.00028302
2023-05-27,8.062,8.261,8.032,8.226,6851509.6,0.0003
2023-05-28,8.225,8.727,8.188,8.512,17396867.5,0.0003
2023-05-29,8.513,8.641,8.205,8.5,17702359.9,0.0003
2023-05-30,8.501,8.599,8.377,8.484,13516615.0,0.00023342
2023-05-31,8.483,8.793,8.137,8.345,21837784.3,0.00027419
2023-06-01,8.346,8.661,8.256,8.548,16622893.6,0.00022524
2023-06-02,8.547,9.189,8.322,9.04,28576625.6,0.0003
2023-06-03,9.04,9.193,8.87,8.973,11935756.2,0.0003
2023-06-04,8.973,9.42,8.806,9.173,21631204.8,0.0003
2023-06-05,9.174,9.243,7.875,8.108,35342428.1,0.0003
2023-06-06,8.109,8.35,7.611,8.23,25595413.0,2.6410000000000003e-05
2023-06-07,8.231,8.234,7.619,7.696,20928728.8,0.00019859
2023-06-08,7.697,7.815,7.53,7.674,15226328.8,0.00015812
2023-06-09,7.675,7.779,7.263,7.439,20057568.9,0.00021877
2023-06-10,7.438,7.441,5.28,6.004,60871416.0,-3.160999999999998e-05
2023-06-11,6.005,6.708,5.85,6.243,40148074.1,-0.00057853
2023-06-12,6.243,6.463,6.072,6.25,42019321.1,0.00013007
2023-06-13,6.251,6.547,6.085,6.253,28566424.2,-1.113e-05
2023-06-14,6.253,6.428,5.892,6.019,26554155.1,9.294e-05
2023-06-15,6.02,6.294,5.957,6.222,22045307.3,0.00017117
2023-06-16,6.223,6.335,6.01,6.296,20827215.4,9.996e-05
2023-06-17,6.296,7.085,6.215,6.994,47554980.8,0.0002017
2023-06-18,6.994,7.258,6.503,6.723,52475900.7,0.00015128
2023-06-19,6.724,7.045,6.653,6.936,31803635.7,3.831e-05
2023-06-20,6.937,7.3,6.642,7.211,38285001.0,1.136e-05
2023-06-21,7.212,7.599,7.084,7.45,36478616.2,0.00029252
2023-06-22,7.449,7.828,7.222,7.354,32176641.6,0.00024747
2023-06-23,7.354,7.987,7.284,7.66,32815215.3,0.00026167
2023-06-24,7.659,7.746,7.138,7.338,25804890.3,0.0003
2023-06-25,7.339,7.967,7.316,7.542,27471624.7,0.0003
2023-06-26,7.542,7.733,7.162,7.28,35468789.7,0.00027681
2023-06-27,7.279,7.538,7.24,7.429,20430962.8,0.00017689
2023-06-28,7.43,7.441,6.605,6.917,29829637.3,0.00011643
2023-06-29,6.917,7.576,6.873,7.147,32433192.0,-4.637999999999999e-05
2023-06-30,7.147,7.506,6.641,7.243,40519803.5,0.00016913
2023-07-01,7.244,7.394,7.016,7.388,19095961.9,0.00017254
2023-07-02,7.387,7.444,7.091,7.328,24256861.8,0.0003
2023-07-03,7.328,7.634,7.298,7.511,26314541.4,0.00026249
2023-07-04,7.511,8.33,7.485,7.672,82252229.6,0.0003
2023-07-05,7.673,7.958,7.264,7.43,43366137.4,0.0003
2023-07-06,7.43,7.704,7.068,7.101,41693654.1,-0.00011472
2023-07-07,7.1,7.283,7.001,7.22,26365232.0,-3.181000000000001e-05
2023-07-08,7.221,7.26,6.884,7.053,17134926.3,0.00016358
2023-07-09,7.054,7.251,7.006,7.089,15921202.5,-6.338e-05
2023-07-10,7.089,7.201,6.798,7.089,28972169.3,0.00010361
2023-07-11,7.089,7.14,6.902,7.038,17146120.0,0.00023908
2023-07-12,7.038,7.122,6.833,6.979,19688626.8,0.00025385
2023-07-13,6.979,7.724,6.923,7.573,36295094.8,7.446000000000002e-05
2023-07-14,7.574,7.996,7.081,7.371,50728572.1,0.0003
2023-07-15,7.37,7.563,7.238,7.457,16737579.1,0.0003
2023-07-16,7.459,7.632,7.299,7.407,17175164.6,0.0003
2023-07-17,7.405,7.942,7.357,7.817,39043173.8,0.00029704
2023-07-18,7.817,8.195,7.36,7.593,31863965.7,0.0003
2023-07-19,7.593,7.716,7.43,7.542,14881365.0,0.00026665
2023-07-20,7.543,7.692,7.321,7.427,14072755.8,0.0003
2023-07-21,7.426,7.596,7.352,7.544,13485622.2,0.00021446
2023-07-22,7.544,7.758,7.516,7.661,17910065.9,0.00026953
2023-07-23,7.661,7.794,7.501,7.569,14075717.3,0.0003
2023-07-24,7.568,7.591,6.985,7.049,19026548.9,0.00028254
2023-07-25,7.049,7.072,6.839,6.972,15970138.1,6.932000000000001e-05
2023-07-26,6.972,7.124,6.808,7.016,16762679.2,0.0001436
2023-07-27,7.017,7.141,6.901,7.073,11812243.7,0.0001608
2023-07-28,7.072,7.11,6.97,7.064,8158038.5,0.00019323
2023-07-29,7.064,7.142,7.043,7.134,5335903.1,0.0003
2023-07-30,7.134,7.187,6.825,7.013,10751910.8,0.0003
2023-07-31,7.013,7.1,6.924,7.031,10034703.0,0.00020725
2023-08-01,7.031,7.079,6.7,7.065,13004032.3,0.00012911
2023-08-02,7.065,7.084,6.8,6.856,10845758.1,6.646000000000001e-05
2023-08-03,6.856,6.921,6.704,6.768,11321374.8,0.00018374
2023-08-04,6.768,6.85,6.595,6.699,11820297.4,0.00022895
2023-08-05,6.698,6.734,6.62,6.716,7779051.9,0.00021317
2023-08-06,6.717,6.813,6.67,6.709,8337632.9,0.00029726
2023-08-07,6.709,6.786,6.43,6.669,14358611.6,0.000252
2023-08-08,6.67,6.775,6.6,6.699,10638802.8,0.0003
2023-08-09,6.699,7.963,6.661,7.404,179940382.1,-0.00022381
2023-08-10,7.403,7.623,7.112,7.161,104922959.0,-0.00021291
2023-08-11,7.161,7.165,6.96,7.095,31502419.1,0.00020826
2023-08-12,7.094,7.234,7.075,7.197,16098989.8,0.0003
2023-08-13,7.198,7.25,7.019,7.05,15332311.5,0.0003
2023-08-14,7.051,7.14,6.982,7.073,9715294.7,0.0003
2023-08-15,7.073,7.078,6.113,6.527,23366546.6,0.0003
2023-08-16,6.527,6.542,5.91,6.179,28611813.3,0.00022222
2023-08-17,6.18,6.322,4.883,5.676,32923435.4,2.9360000000000003e-05
2023-08-18,5.675,5.9,5.469,5.827,26105675.2,-0.00107677
2023-08-19,5.827,6.068,5.814,6.014,13076320.6,-0.00060576
2023-08-20,6.013,6.18,5.916,6.063,12366647.8,-0.00031093
2023-08-21,6.064,6.085,5.75,5.942,13565311.8,-0.0004010599999999
2023-08-22,5.941,5.973,5.601,5.842,17203179.2,-0.00034113
2023-08-23,5.843,6.132,5.816,6.013,15987340.3,-0.00045215
2023-08-24,6.014,6.053,5.705,5.811,10998934.2,-0.00020836
2023-08-25,5.812,5.822,5.566,5.686,12657350.5,-0.00079511
2023-08-26,5.686,5.776,5.651,5.72,6016660.5,-0.00039921
2023-08-27,5.72,5.773,5.636,5.696,6782071.2,-0.00026249
2023-08-28,5.697,5.749,5.526,5.727,11473545.9,-0.00032373
2023-08-29,5.727,5.977,5.572,5.9,20907893.7,-0.00044591
2023-08-30,5.9,5.955,5.592,5.78,10657640.5,-1.987e-05
2023-08-31,5.78,5.807,5.42,5.509,12924046.2,-2.0639999999999992e-05
2023-09-01,5.509,5.568,5.376,5.5,10829014.7,-0.00024649
2023-09-02,5.5,5.65,5.485,5.57,8878481.6,-0.00052868
2023-09-03,5.57,5.582,5.405,5.462,5844214.4,-0.00032797
2023-09-04,5.463,5.576,5.416,5.511,8642643.5,-0.00037021
2023-09-05,5.511,5.554,5.401,5.526,7854599.7,-0.00034975
2023-09-06,5.525,5.59,5.366,5.532,10195591.9,-0.00037875
2023-09-07,5.532,5.67,5.473,5.635,11064421.4,-0.00023752
2023-09-08,5.634,5.668,5.434,5.514,8799987.3,-0.0003771
2023-09-09,5.515,5.53,5.442,5.477,4217698.2,5.159999999999998e-06
2023-09-10,5.477,5.481,5.085,5.166,16475396.9,-0.0005321
2023-09-11,5.167,5.184,4.853,5.009,23745307.0,-0.00058251
2023-09-12,5.007,5.225,4.955,5.033,19859914.5,-0.00061182
2023-09-13,5.033,5.338,5.016,5.183,23107535.0,-0.0009803
2023-09-14,5.183,5.315,5.132,5.212,13054030.1,-0.00040395
2023-09-15,5.213,5.306,5.105,5.265,11634967.3,-0.0002575099999999
2023-09-16,5.266,5.361,5.241,5.314,9476153.6,-5.199999999999998e-06
2023-09-17,5.314,5.329,5.153,5.224,10744142.7,-0.00019681
2023-09-18,5.224,5.37,5.152,5.178,13630723.6,-0.00012636
2023-09-19,5.178,5.276,5.11,5.22,12522863.6,-0.00024022
2023-09-20,5.22,5.254,5.054,5.164,10318348.1,-0.00011367
2023-09-21,5.164,5.24,5.024,5.091,9715189.8,3.116e-05
2023-09-22,5.092,5.154,5.041,5.128,5938813.1,0.0001205
2023-09-23,5.128,5.192,5.065,5.147,5755536.6,7.685999999999999e-05
2023-09-24,5.148,5.397,5.096,5.314,43762453.3,-0.00204032
2023-09-25,5.313,5.819,5.28,5.562,86360153.9,-0.00331138
2023-09-26,5.561,5.643,5.17,5.311,35620947.6,-0.00172759
2023-09-27,5.311,5.35,5.205,5.32,20459125.4,6.249e-05
2023-09-28,5.319,5.409,5.267,5.326,20741245.6,0.0001134499999999
2023-09-29,5.326,5.561,5.312,5.393,22025419.2,-8.042e-05
2023-09-30,5.393,5.512,5.318,5.485,13590119.6,-0.00020838
2023-10-01,5.486,5.703,5.444,5.669,17527899.3,5.081e-05
2023-10-02,5.67,5.758,5.33,5.437,24334153.1,1.858e-05
2023-10-03,5.437,5.46,5.308,5.344,13217454.2,-0.00018025
2023-10-04,5.344,5.345,5.1,5.317,13966006.1,-0.00031026
2023-10-05,5.317,5.363,5.204,5.217,8380409.5,-0.00030952
2023-10-06,5.218,5.368,5.2,5.325,6591259.0,-1.9700000000000005e-05
2023-10-07,5.326,5.362,5.228,5.272,5299620.3,7.015e-05
2023-10-08,5.273,5.294,5.187,5.197,4337014.7,4.804e-05
2023-10-09,5.197,5.221,4.8,4.962,16681354.3,-0.00024838
2023-10-10,4.962,4.997,4.814,4.912,10263930.2,-0.00069295
2023-10-11,4.912,4.937,4.675,4.839,15233432.0,-0.00024401
2023-10-12,4.839,4.94,4.713,4.832,12414863.8,-0.00026708
2023-10-13,4.832,4.98,4.797,4.892,9914227.1,-0.00059065
2023-10-14,4.892,4.968,4.885,4.943,5261296.4,-0.0003387
2023-10-15,4.942,4.961,4.851,4.924,6791025.6,0.00014406
2023-10-16,4.925,5.234,4.901,5.056,17479796.4,-2.6160000000000004e-05
2023-10-17,5.055,5.152,4.84,5.003,18081011.6,-0.00054607
2023-10-18,5.004,5.047,4.874,4.937,11456420.5,-0.00025001
2023-10-19,4.938,5.049,4.78,4.906,16455948.4,-0.00054797
2023-10-20,4.906,5.204,4.882,5.047,13334427.8,-0.00035935
2023-10-21,5.048,5.867,5.035,5.542,66917327.6,-0.00093658
2023-10-22,5.543,6.266,5.448,6.154,110252085.8,-0.00155281
2023-10-23,6.154,6.394,5.774,6.198,73832895.5,-0.00062389
2023-10-24,6.198,6.636,5.906,6.29,66578134.4,-0.0004148599999999
2023-10-25,6.29,7.017,6.231,6.911,59028721.9,-0.00029499
2023-10-26,6.911,6.971,6.23,6.527,37994757.6,5.880000000000002e-05
2023-10-27,6.526,6.776,6.29,6.563,25981957.4,0.00014689
2023-10-28,6.563,6.856,6.546,6.839,22936231.3,2.490000000000001e-05
2023-10-29,6.839,6.896,6.657,6.731,18139006.9,0.00020462
2023-10-30,6.732,6.987,6.665,6.869,23021290.0,8.884000000000001e-05
2023-10-31,6.869,7.444,6.693,7.04,43472193.9,0.0001662
2023-11-01,7.04,7.314,6.653,7.108,39189712.3,-1.1769999999999975e-05
2023-11-02,7.107,7.204,6.474,6.678,25342629.7,-0.00037363
2023-11-03,6.678,6.736,6.365,6.698,16716770.2,-0.00077848
2023-11-04,6.698,7.132,6.654,6.953,12867271.3,0.00028294
2023-11-05,6.952,7.154,6.682,6.871,18752081.3,0.0003
2023-11-06,6.871,7.462,6.813,7.413,26084403.3,0.0003
2023-11-07,7.413,7.675,7.001,7.264,29064362.0,0.00016236
2023-11-08,7.264,7.536,7.096,7.419,16175274.6,0.00027884
2023-11-09,7.419,7.745,6.225,7.292,31975932.0,0.00044419
2023-11-10,7.293,7.594,7.063,7.496,27500585.5,3.023000000000001e-05
2023-11-11,7.495,8.195,7.179,7.677,30104490.6,0.0003
2023-11-12,7.678,8.479,7.214,7.819,34633620.9,0.00036078
2023-11-13,7.819,8.025,7.222,7.322,27574184.6,0.00092616
2023-11-14,7.319,7.368,6.733,7.123,26014752.0,-0.00014092
2023-11-15,7.123,7.776,7.071,7.694,21520675.3,0.00020737
2023-11-16,7.694,8.288,7.159,7.283,28200520.8,0.00059645
2023-11-17,7.283,7.675,6.927,7.257,21932375.0,0.0003
2023-11-18,7.257,7.26,6.7,7.072,15595629.8,0.0003
2023-11-19,7.072,7.242,6.846,7.209,12199035.5,0.0003
2023-11-20,7.208,7.523,7.12,7.2,24210211.2,0.0003
2023-11-21,7.199,7.5,6.723,6.775,29694823.9,0.0003
2023-11-22,6.775,7.453,6.755,7.32,16495788.3,0.0003
2023-11-23,7.321,7.423,7.134,7.229,9926803.6,0.0003
2023-11-24,7.229,7.502,7.205,7.441,12626756.8,0.0003
2023-11-25,7.441,7.62,7.307,7.41,10108600.0,0.0003
2023-11-26,7.41,7.5,7.009,7.275,13240607.7,0.0003
2023-11-27,7.276,7.378,6.822,6.952,12713842.3,0.0003
2023-11-28,6.952,7.074,6.724,7.028,11178490.1,0.0003
2023-11-29,7.028,7.146,6.861,7.022,11985175.9,0.0003
2023-11-30,7.023,7.126,6.93,6.98,9981775.2,0.0003
2023-12-01,6.981,7.113,6.915,7.062,8042777.5,0.0003
2023-12-02,7.061,7.415,7.032,7.347,12614204.6,0.0003
2023-12-03,7.348,7.525,7.223,7.31,10335935.5,0.0003
2023-12-04,7.31,7.872,6.825,7.778,32222347.3,0.00066482
2023-12-05,7.778,7.874,7.327,7.709,20508736.7,0.00067696
2023-12-06,7.71,7.891,7.318,7.388,21558170.3,0.00069599
2023-12-07,7.389,8.23,7.327,7.949,28333993.3,0.00041154
2023-12-08,7.948,8.656,7.838,8.503,29541801.9,0.00058217
2023-12-09,8.503,8.811,8.114,8.255,25599334.4,0.0006772
2023-12-10,8.255,8.486,7.975,8.44,16329628.4,0.00048637
2023-12-11,8.44,8.458,7.279,7.794,28388671.3,0.00040445
2023-12-12,7.795,9.228,7.792,9.116,51520856.9,0.0003
2023-12-13,9.116,9.119,8.171,8.578,41237971.3,0.00036193
2023-12-14,8.578,8.688,7.885,8.424,31545924.7,0.0003
2023-12-15,8.424,8.433,8.059,8.225,20787879.1,0.00097184
2023-12-16,8.226,8.554,8.094,8.178,20115444.7,0.00043957
2023-12-17,8.178,8.381,7.979,8.05,17434960.2,0.00062326
2023-12-18,8.049,8.103,7.46,7.89,20778325.8,0.00054825
2023-12-19,7.889,8.118,7.687,8.095,20140155.6,0.00040459
2023-12-20,8.096,8.336,7.938,8.117,20269776.9,0.00049004
2023-12-21,8.117,8.709,8.02,8.528,19552911.8,0.00102338
2023-12-22,8.528,9.44,8.31,9.264,27363749.9,0.0009920699999999
2023-12-23,9.265,10.161,8.984,9.318,44055539.4,0.0010543
2023-12-24,9.318,9.902,9.028,9.32,33393089.0,0.0012144999999999
2023-12-25,9.321,10.696,9.134,10.422,35891791.8,0.0016166
2023-12-26,10.423,10.925,9.07,10.756,41572725.6,0.00205106
2023-12-27,10.757,10.995,10.008,10.151,23195646.9,0.00146875
2023-12-28,10.152,10.4,9.533,9.629,19949957.5,0.00196785
2023-12-29,9.63,10.112,9.41,9.687,16707742.9,0.0016676299999999
2023-12-30,9.686,9.827,9.37,9.393,9654375.2,0.00128037
2023-12-31,9.394,9.78,9.18,9.4,10501971.9,0.00099905
2024-01-01,9.401,10.04,9.234,9.953,8392493.7,0.00142551
2024-01-02,9.952,10.374,9.877,10.264,15571435.4,0.0017199
2024-01-03,10.264,10.411,7.585,9.061,33619128.7,0.00112706
2024-01-04,9.06,11.14,8.794,10.322,53930353.1,0.0003
2024-01-05,10.321,10.99,9.399,9.644,50267302.9,0.0003
2024-01-06,9.644,9.701,8.852,9.047,23179611.7,0.0003
2024-01-07,9.048,9.305,8.377,8.475,21721929.7,0.0003
2024-01-08,8.477,8.86,7.78,8.807,25789993.8,0.0003
2024-01-09,8.807,8.848,7.924,8.28,24223811.8,0.0003
2024-01-10,8.279,9.099,7.961,8.885,26707583.8,0.0003
2024-01-11,8.886,9.63,8.75,9.445,30330236.3,0.0003
2024-01-12,9.446,9.944,8.39,9.019,38035795.1,0.0003
2024-01-13,9.018,10.412,8.649,10.004,44477252.1,0.0003
2024-01-14,10.005,10.078,9.52,9.678,29327479.3,0.0003
2024-01-15,9.678,10.436,9.393,9.509,29731129.1,0.0003
2024-01-16,9.509,9.6,9.149,9.437,16503202.7,0.0003
2024-01-17,9.437,9.491,9.12,9.341,12822703.1,0.0003
2024-01-18,9.342,9.521,8.64,8.724,19056001.8,0.0003
2024-01-19,8.723,8.753,8.098,8.581,15852266.3,0.0003
2024-01-20,8.582,8.594,8.333,8.571,7001142.1,0.0003
2024-01-21,8.571,8.683,8.422,8.445,6491075.3,0.0003
2024-01-22,8.444,8.526,7.908,8.049,17118239.2,0.0003
2024-01-23,8.049,8.821,7.49,8.74,40452483.7,0.0003
2024-01-24,8.739,8.749,8.402,8.574,23010229.8,5.444e-05
2024-01-25,8.575,8.637,8.202,8.332,13672158.3,0.0003
2024-01-26,8.332,8.876,8.243,8.719,12169192.3,0.0003
2024-01-27,8.72,9.347,8.665,9.12,13520959.3,0.0003
2024-01-28,9.12,9.227,8.724,8.867,9789091.6,0.0003
2024-01-29,8.867,9.458,8.831,9.212,18476825.0,0.0003
2024-01-30,9.212,9.508,9.006,9.066,12715316.2,0.0003
2024-01-31,9.066,9.206,8.683,8.849,14479401.5,0.0003
2024-02-01,8.85,9.24,8.586,9.228,17848097.1,0.0003
2024-02-02,9.227,9.516,9.124,9.408,16414687.3,0.0003
2024-02-03,9.407,9.745,9.133,9.155,14483303.0,0.0003
2024-02-04,9.155,9.174,8.778,8.834,10393368.7,0.0003
2024-02-05,8.835,9.077,8.533,8.665,14462671.1,0.0003
2024-02-06,8.665,8.725,8.44,8.593,8515369.4,0.0003
2024-02-07,8.593,8.857,8.48,8.788,9012764.6,0.0003
2024-02-08,8.788,8.935,8.7,8.757,8510366.9,0.0003
2024-02-09,8.758,9.167,8.726,9.093,11423464.7,0.0003
2024-02-10,9.093,9.26,8.983,9.08,9423403.8,0.0003
2024-02-11,9.079,9.28,8.96,9.045,9174875.8,0.0003
2024-02-12,9.046,9.304,8.76,9.168,15306462.4,0.0003
2024-02-13,9.168,9.305,8.83,9.212,17619482.1,0.00103147
2024-02-14,9.211,9.6,9.062,9.452,16439170.0,0.00108321
2024-02-15,9.452,10.8,9.423,10.174,42840082.7,0.00137229
2024-02-16,10.174,10.354,9.627,9.815,21572303.9,0.00161929
2024-02-17,9.814,9.839,9.2,9.705,13516264.3,0.00121836
2024-02-18,9.705,9.814,9.524,9.698,13230164.4,0.0012324
2024-02-19,9.7,10.279,9.696,10.127,23780665.9,0.00135766
2024-02-20,10.127,10.171,9.02,9.643,24972825.9,0.00149951
2024-02-21,9.643,9.874,8.859,9.243,20545238.3,0.00077076
2024-02-22,9.242,9.508,8.938,9.236,13802311.7,0.00089697
2024-02-23,9.235,9.353,8.888,9.126,11934359.3,0.00126853
2024-02-24,9.125,9.503,9.038,9.48,9314545.8,0.00113538
2024-02-25,9.48,9.73,9.32,9.667,9996231.5,0.00122596
2024-02-26,9.668,10.406,9.33,10.156,22859797.3,0.00164386
2024-02-27,10.157,10.413,9.726,9.959,16033893.5,0.0021118
2024-02-28,9.96,13.021,9.902,12.388,98057923.2,0.0021039
2024-02-29,12.391,13.178,11.34,11.724,62503849.5,0.00214388
2024-03-01,11.724,12.016,11.463,11.866,24295373.4,0.00190935
2024-03-02,11.867,12.282,11.518,12.154,21671184.9,0.00252371
2024-03-03,12.154,12.409,10.611,11.614,24476621.4,0.00204586
2024-03-04,11.614,12.671,11.338,12.102,32250526.7,0.00186616
2024-03-05,12.101,13.89,11.5,13.672,70883347.8,0.00302777
2024-03-06,13.672,14.56,12.875,13.699,38582626.7,0.00127376
2024-03-07,13.7,13.986,13.141,13.259,27686515.7,0.0015764899999999
2024-03-08,13.259,13.582,12.571,13.235,21141177.7,0.00201984
2024-03-09,13.234,13.816,13.085,13.164,12040082.7,0.00263076
2024-03-10,13.165,13.454,12.417,12.756,14735912.7,0.0024189
2024-03-11,12.756,13.589,12.022,13.492,21514753.5,0.00178874
2024-03-12,13.494,13.749,12.51,13.389,21786895.6,0.00213283
2024-03-13,13.388,13.8,12.845,13.165,16429143.1,0.00221075
2024-03-14,13.165,14.535,13.07,14.318,48787961.1,0.00214796
2024-03-15,14.317,15.225,12.064,15.133,56522355.2,0.00168182
2024-03-16,15.139,15.705,12.926,13.322,43749599.7,0.0010077
2024-03-17,13.321,15.764,13.245,14.036,43981750.2,0.00085742
2024-03-18,14.036,15.454,13.719,14.435,46882287.7,0.00070531
2024-03-19,14.435,16.769,13.554,15.449,96285084.7,0.00082628
2024-03-20,15.451,15.959,14.028,15.602,51828454.0,0.0005935999999999
2024-03-21,15.602,16.39,14.757,15.038,31310215.6,0.0003096
2024-03-22,15.039,16.991,14.801,16.271,45105530.7,0.00069036
2024-03-23,16.272,16.353,15.471,16.155,21363503.1,0.00048766
2024-03-24,16.154,16.867,15.806,16.358,22311527.6,0.00068065
2024-03-25,16.359,17.409,15.765,17.356,23293735.0,0.00041053
2024-03-26,17.355,19.368,17.005,18.088,39457261.8,0.0013518
2024-03-27,18.089,18.896,17.46,17.709,26806161.3,0.00157556
2024-03-28,17.709,18.309,16.934,17.391,17833315.3,0.00112981
2024-03-29,17.391,17.42,16.781,17.224,12672505.6,0.00132903
2024-03-30,17.223,17.715,16.535,16.625,12437471.7,0.00143659
2024-03-31,16.625,17.242,16.406,17.088,11926084.9,0.00121624
2024-04-01,17.087,17.915,16.222,16.706,35434016.7,0.00124329
2024-04-02,16.703,16.709,14.652,14.715,26847025.9,0.00054502
2024-04-03,14.715,14.959,13.677,14.156,29782583.6,0.0004686799999999
2024-04-04,14.155,14.75,13.853,14.165,12756975.3,0.0003681599999999
2024-04-05,14.164,14.177,12.621,13.153,23825739.4,0.00044601
2024-04-06,13.153,13.542,12.887,13.225,14062702.1,0.0003
2024-04-07,13.224,13.845,13.106,13.642,12402320.5,0.0003
2024-04-08,13.642,14.42,13.236,14.274,13035736.4,0.0004694499999999
2024-04-09,14.273,14.312,12.69,12.742,17394652.7,0.00078568
2024-04-10,12.742,12.819,11.524,12.228,29739307.1,0.00065929
2024-04-11,12.228,12.536,11.736,11.862,17553481.5,0.00042657
2024-04-12,11.862,12.223,8.422,9.775,42964252.4,0.00085874
2024-04-13,9.775,10.415,7.264,8.768,63889620.6,0.0003
2024-04-14,8.768,9.759,8.402,9.577,28868218.4,0.0003
2024-04-15,9.577,9.948,8.8,9.124,29607798.0,0.0003
2024-04-16,9.124,9.377,8.576,9.246,26429734.2,0.00019529
2024-04-17,9.246,9.65,8.842,9.137,25474556.4,0.00011036
2024-04-18,9.137,9.735,8.806,9.489,23756384.0,0.00012454
2024-04-19,9.488,9.684,8.591,9.409,20947111.1,0.00018609
2024-04-20,9.409,10.279,9.27,10.236,12676135.6,0.00029822
2024-04-21,10.235,10.278,9.664,9.999,10133913.6,0.0002905
2024-04-22,10.0,10.394,9.823,10.173,14472121.3,0.00013454
2024-04-23,10.174,10.29,9.653,9.767,15388300.6,-7.065000000000001e-05
2024-04-24,9.768,10.019,9.057,9.147,21917345.6,0.0002089499999999
2024-04-25,9.148,9.23,8.739,9.025,15681142.6,0.00011707
2024-04-26,9.026,9.111,8.718,8.844,13126565.0,0.0001099999999999
2024-04-27,8.844,9.107,8.28,8.998,12554696.0,-2.908999999999999e-05
2024-04-28,8.997,9.231,8.93,8.985,7741450.4,9.447e-05
2024-04-29,8.986,9.192,8.778,9.105,15735878.1,0.00027096
2024-04-30,9.105,9.277,8.125,8.697,25751305.6,2.877e-05
2024-05-01,8.698,8.974,8.115,8.931,24420199.3,0.00019518
2024-05-02,8.931,8.961,8.462,8.845,11781539.6,0.00029879
2024-05-03,8.844,9.188,8.776,9.06,11269010.4,0.00025162
2024-05-04,9.06,9.302,8.985,9.114,10008144.8,0.00012862
2024-05-05,9.114,9.31,8.927,9.237,7429448.3,0.00027875
2024-05-06,9.237,9.575,8.975,8.99,13631546.5,0.0003
2024-05-07,8.99,9.15,8.745,8.773,9331527.6,0.0003
2024-05-08,8.774,8.807,8.482,8.576,10993113.5,0.00029086
2024-05-09,8.575,8.905,8.374,8.806,8913296.0,0.0003
2024-05-10,8.807,8.928,8.36,8.448,9869448.8,0.00026288
2024-05-11,8.448,8.563,8.293,8.386,5534881.3,0.00015327
2024-05-12,8.386,8.512,8.306,8.348,4462353.6,0.0001752899999999
2024-05-13,8.349,8.545,7.904,8.178,15122861.9,0.00017907
2024-05-14,8.179,8.24,7.758,7.794,12097307.2,0.00014856
2024-05-15,7.793,8.567,7.708,8.478,11093189.7,0.00013331
2024-05-16,8.478,8.588,8.089,8.373,8956374.1,0.0003
2024-05-17,8.373,8.705,8.274,8.572,8697008.3,0.0003
2024-05-18,8.571,8.728,8.43,8.581,5941756.7,0.0003
2024-05-19,8.581,8.691,8.067,8.107,7419284.8,0.0003
2024-05-20,8.106,9.127,8.007,9.112,14640836.9,0.0003
2024-05-21,9.112,9.448,8.904,9.321,13399762.3,0.0003
2024-05-22,9.322,9.382,8.912,9.006,9670702.5,0.00046913
2024-05-23,9.006,9.192,8.257,8.931,15823118.5,0.00035932
2024-05-24,8.931,9.203,8.69,8.961,11488319.0,0.0003
2024-05-25,8.96,9.182,8.903,9.095,6054821.8,0.00033009
2024-05-26,9.095,9.223,8.928,9.053,6569854.0,0.00034801
2024-05-27,9.052,9.75,9.043,9.663,10827382.3,0.00044187
2024-05-28,9.664,9.73,9.218,9.365,12497970.8,0.00063236
2024-05-29,9.365,9.552,9.044,9.096,9249240.5,0.00067217
2024-05-30,9.095,9.494,8.856,9.186,10319275.0,0.00046577
2024-05-31,9.185,9.283,8.975,9.147,8039759.4,0.00031196
2024-06-01,9.147,9.179,9.032,9.078,3046660.2,0.00037878
2024-06-02,9.078,9.17,8.8,8.925,4884485.4,0.00039718
2024-06-03,8.926,9.178,8.804,8.929,6875930.8,0.0004618
2024-06-04,8.928,9.248,8.764,9.162,8623833.0,0.00046957
2024-06-05,9.162,9.383,9.161,9.318,6348059.1,0.00075628
2024-06-06,9.318,9.327,8.915,9.103,6145656.8,0.00062279
2024-06-07,9.103,9.408,7.699,8.593,16016042.6,0.0006509199999999
2024-06-08,8.592,8.592,8.017,8.126,8595491.8,0.0003
2024-06-09,8.126,8.628,8.027,8.592,7033603.2,0.0003
2024-06-10,8.591,8.62,8.202,8.272,8394630.6,0.0003
2024-06-11,8.273,8.363,7.729,7.967,13757773.4,0.0003
2024-06-12,7.966,8.555,7.815,8.244,10992298.0,0.0003
2024-06-13,8.244,8.257,7.775,7.886,7025856.2,0.0003
2024-06-14,7.886,8.106,7.4,7.685,10588544.7,0.0003
2024-06-15,7.685,7.94,7.636,7.88,5048589.1,0.00025175
2024-06-16,7.879,7.964,7.73,7.897,4414163.7,0.0002985
2024-06-17,7.896,7.934,7.179,7.436,12452853.8,0.00029567
2024-06-18,7.436,7.461,6.263,6.82,24663413.8,-0.0003517
2024-06-19,6.82,7.112,6.739,6.904,9349803.3,-8.616e-05
2024-06-20,6.904,7.177,6.702,6.905,11528940.7,0.00018623
2024-06-21,6.905,7.043,6.79,6.935,11090208.9,0.0002229
2024-06-22,6.936,6.939,6.802,6.854,4170263.4,0.00012627
2024-06-23,6.854,6.988,6.629,6.742,5294790.6,1.0009999999999994e-05
2024-06-24,6.741,6.96,6.32,6.946,13409533.4,7.329e-05
2024-06-25,6.946,7.1,6.84,6.945,6293700.7,0.0003
2024-06-26,6.945,7.015,6.705,6.843,5586713.5,0.00029933
2024-06-27,6.843,7.095,6.732,7.033,5234162.2,0.00026485
2024-06-28,7.032,7.127,6.831,6.854,6635499.6,0.0003
2024-06-29,6.854,7.049,6.836,6.9,3378359.2,0.0003
2024-06-30,6.899,7.085,6.788,7.073,4851654.2,0.00029613
2024-07-01,7.073,7.24,7.002,7.052,6592672.1,0.0003
2024-07-02,7.052,7.083,6.842,6.959,5550720.6,0.0003
2024-07-03,6.959,6.997,6.534,6.598,8028889.0,0.0003
2024-07-04,6.598,6.652,5.928,5.97,14017712.3,9.101e-05
2024-07-05,5.97,5.98,5.117,5.545,25943916.0,-0.0004173799999999
2024-07-06,5.545,6.058,5.468,5.974,8484049.1,-6.647e-05
2024-07-07,5.975,5.991,5.551,5.581,8359794.0,-6.321e-05
2024-07-08,5.581,5.975,5.318,5.832,16823525.6,-0.00014786
2024-07-09,5.831,6.057,5.742,6.019,8299109.0,-1.4400000000000004e-05
2024-07-10,6.02,6.251,5.934,6.139,7900633.6,0.0003
2024-07-11,6.139,6.4,6.01,6.031,7566572.5,0.0003
2024-07-12,6.03,6.138,5.901,6.105,5806345.9,0.0003
2024-07-13,6.104,6.412,6.098,6.342,5204573.9,0.00020967
2024-07-14,6.342,6.707,6.323,6.629,7768589.7,0.0003
2024-07-15,6.629,7.001,6.608,6.986,9588589.9,9.953e-05
2024-07-16,6.985,7.168,6.608,7.066,10428910.2,0.00028633
2024-07-17,7.066,7.374,7.047,7.058,9405226.8,0.0003
2024-07-18,7.059,7.147,6.823,6.996,7558965.2,0.0003
2024-07-19,6.996,7.497,6.843,7.452,9071233.7,0.0003
2024-07-20,7.452,7.489,7.251,7.357,4398576.3,0.0003
2024-07-21,7.357,7.556,7.062,7.483,7478399.5,0.00021808
2024-07-22,7.483,7.651,7.143,7.211,7101720.6,0.00024544
2024-07-23,7.211,7.358,6.914,7.139,8217903.0,0.00029462
2024-07-24,7.138,7.197,6.76,6.806,5436893.5,0.0003
2024-07-25,6.806,6.835,6.413,6.615,7604347.2,0.00019633
2024-07-26,6.615,6.983,6.6,6.978,3818737.0,0.00016772
2024-07-27,6.978,7.356,6.969,7.135,7478290.7,0.00024411
2024-07-28,7.134,7.138,6.778,6.842,4124535.6,0.00023444
2024-07-29,6.843,7.094,6.71,6.755,6739690.1,0.00025727
2024-07-30,6.755,6.876,6.498,6.588,5446090.0,7.917e-05
2024-07-31,6.587,6.689,6.379,6.406,6389314.8,-4.423999999999999e-05
2024-08-01,6.407,6.468,6.034,6.405,9958153.7,0.00012422
2024-08-02,6.406,6.443,5.901,6.004,8558414.1,0.00013686
2024-08-03,6.005,6.027,5.452,5.574,10434827.1,1.6149999999999996e-05
2024-08-04,5.574,5.632,5.108,5.336,9575568.0,-0.00041326
2024-08-05,5.337,5.391,4.295,4.98,50223775.9,-0.00033471
2024-08-06,4.98,5.305,4.968,5.13,12275562.6,-0.00071348
2024-08-07,5.13,5.327,4.939,5.078,13570934.0,-0.00044797
2024-08-08,5.079,5.765,4.982,5.762,11441826.8,-9.76e-06
2024-08-09,5.763,5.889,5.623,5.744,10382241.1,0.0001106
2024-08-10,5.744,6.376,5.683,6.267,14369873.3,-0.00033434
2024-08-11,6.267,6.285,5.721,5.725,10813104.7,-0.00014439
2024-08-12,5.724,6.844,5.715,6.433,27230522.5,-2.729e-05
2024-08-13,6.433,6.937,6.146,6.791,18956881.0,-0.0002933099999999
2024-08-14,6.791,6.965,6.574,6.679,16393542.3,-5.557e-05
2024-08-15,6.679,6.754,6.093,6.224,19148646.1,0.00015543
2024-08-16,6.223,6.503,5.78,5.911,18711912.3,5.396e-05
2024-08-17,5.91,5.97,5.787,5.817,10634515.2,0.00018163
2024-08-18,5.817,5.983,5.763,5.779,11952157.2,0.00013487
2024-08-19,5.778,6.053,5.723,6.043,22869745.3,-2.5659999999999995e-05
2024-08-20,6.042,6.451,5.949,6.051,15344109.5,-0.00056192
2024-08-21,6.051,6.37,6.004,6.352,14637531.3,-0.0001906799999999
2024-08-22,6.352,6.508,6.23,6.503,9088869.5,0.0003
2024-08-23,6.503,7.201,6.483,7.091,16366251.3,0.00026746
2024-08-24,7.09,7.39,7.037,7.152,10434419.6,0.0003
2024-08-25,7.152,7.474,6.818,7.333,14896621.3,0.0003
2024-08-26,7.334,7.378,6.944,7.009,13234679.9,0.00019999
2024-08-27,7.008,7.565,6.701,6.829,36742552.7,0.00012757
2024-08-28,6.828,7.285,6.487,6.733,36588785.5,0.0001202099999999
2024-08-29,6.733,7.272,6.588,6.79,28982931.9,-1.937e-05
2024-08-30,6.791,7.03,6.361,6.709,36998719.3,5.574999999999999e-05
2024-08-31,6.708,6.794,6.376,6.482,15130351.9,-6.640000000000004e-06
2024-09-01,6.482,6.508,6.096,6.161,18107840.6,-0.00020072
2024-09-02,6.161,6.458,6.107,6.353,17504718.0,0.00013239
2024-09-03,6.353,6.475,6.05,6.128,15529920.2,-0.00019286
2024-09-04,6.129,6.329,5.815,6.119,17549570.1,0.0002396
2024-09-05,6.119,6.14,5.671,5.771,18845783.6,-2.590000000000014e-06
2024-09-06,5.772,5.912,5.475,5.701,24363203.6,0.00027616
2024-09-07,5.702,5.966,5.694,5.85,10982592.1,0.00015115
2024-09-08,5.85,6.108,5.797,6.036,12063245.1,0.0003
2024-09-09,6.037,6.421,6.013,6.297,11171598.6,0.0003
2024-09-10,6.296,6.334,6.113,6.272,9058058.4,0.0003
2024-09-11,6.271,6.302,5.956,6.09,11980515.7,0.0003
2024-09-12,6.089,6.231,6.039,6.174,9878157.6,6.083e-05
2024-09-13,6.173,6.344,6.087,6.303,8837748.7,0.0003
2024-09-14,6.304,6.356,5.983,6.06,8811030.8,0.00018375
2024-09-15,6.059,6.166,5.819,5.87,10212224.4,0.00019087
2024-09-16,5.871,5.883,5.654,5.739,13026392.2,9.271e-05
2024-09-17,5.74,6.009,5.685,5.938,12314921.4,-6.120000000000002e-06
2024-09-18,5.938,6.227,5.7,6.225,13776670.8,0.0003
2024-09-19,6.225,6.962,6.225,6.808,22295661.1,0.00029786
2024-09-20,6.808,7.4521,6.704,7.3067,23271043.9,0.0003
2024-09-21,7.3067,8.382,7.1908,8.246,37848288.7,0.0003
2024-09-22,8.2464,8.2522,7.733,7.9634,21993104.4,0.0003
2024-09-23,7.9634,8.1197,7.652,7.954,18383932.0,0.0003
2024-09-24,7.9536,8.39,7.68,8.1555,25938593.5,0.00028327
2024-09-25,8.1557,8.5097,7.93,8.0149,18657098.0,0.0003
2024-09-26,8.0148,8.6393,7.8569,8.0624,26636259.7,0.0003
2024-09-27,8.0632,8.5882,8.0292,8.5022,18846460.7,0.0003
2024-09-28,8.5029,8.55,7.9182,8.0627,12886870.4,0.0003
2024-09-29,8.063,8.2962,7.7513,8.0784,12818063.3,0.0003
2024-09-30,8.0784,8.1218,7.5668,7.6694,16382532.2,0.0003
2024-10-01,7.6692,8.3759,7.2216,7.5491,36232200.3,0.0003
2024-10-02,7.548,7.98,7.4694,7.7864,28977769.1,0.0003
2024-10-03,7.7856,8.742,7.6216,8.5555,83344323.9,0.00023578
2024-10-04,8.5545,9.2998,8.188,9.0907,56918130.3,-3.358000000000001e-05
2024-10-05,9.0905,9.222,8.5789,8.6035,27721709.7,0.00023661
2024-10-06,8.6037,8.9985,8.4829,8.6991,22806834.5,0.00029484
2024-10-07,8.6993,9.3314,8.4244,8.6733,46654981.4,0.00014327
2024-10-08,8.6734,9.5554,8.6733,9.3263,47047511.9,0.00021373
2024-10-09,9.3264,9.4557,8.5,8.5542,31801613.4,0.0003
2024-10-10,8.5543,8.5564,7.8614,8.1028,31796173.9,4.575e-05
2024-10-11,8.1028,8.5989,7.9346,8.5105,23189267.8,-0.0002370599999999
2024-10-12,8.5112,9.9639,8.3999,9.937,37986068.3,0.0003
2024-10-13,9.936,10.4236,9.6757,10.1895,69238501.9,0.0003
2024-10-14,10.1894,10.455,9.8734,10.1776,40066690.9,0.0003
2024-10-15,10.1776,10.7451,9.9546,10.4614,60171912.8,0.00037258
2024-10-16,10.4623,10.4774,9.6931,10.0359,36193547.0,0.0003
2024-10-17,10.0359,10.2888,9.7301,9.9389,27165305.7,0.0003
2024-10-18,9.939,10.19,9.762,10.0203,23113918.6,0.0003
2024-10-19,10.0204,10.0223,9.605,9.7179,15105453.1,0.0003
2024-10-20,9.7178,10.199,9.6886,9.9956,20641959.6,0.0003
2024-10-21,9.9952,10.3168,9.8058,10.1039,27123205.4,0.00032368
2024-10-22,10.1038,11.239,10.0125,10.3967,70084439.1,0.0003
2024-10-23,10.3969,10.6376,9.6393,9.9254,35643013.9,0.0003
2024-10-24,9.9246,10.4376,9.8056,10.1848,29644319.2,0.00027855
2024-10-25,10.1856,10.2412,8.434,8.94,37348800.9,0.0003
2024-10-26,8.9407,9.32,8.7049,9.3022,23754392.2,-1.2729999999999997e-05
2024-10-27,9.3025,9.38,9.0664,9.1996,15317347.1,0.00020987
2024-10-28,9.1994,9.3031,8.7038,9.2084,26718994.7,0.0003
2024-10-29,9.2087,10.1943,9.1927,10.0478,34313824.7,0.0003
2024-10-30,10.0477,10.2229,9.6599,9.7942,18861392.6,0.0003
2024-10-31,9.7948,9.8093,9.0832,9.0924,19601629.4,0.0003
2024-11-01,9.0927,9.2977,8.6751,8.9327,21970947.8,0.0003
2024-11-02,8.9327,8.9632,8.532,8.6301,11632472.8,0.0003
2024-11-03,8.6301,8.6574,7.8433,8.1919,23855445.0,0.0003
2024-11-04,8.1922,8.3495,7.7326,8.0588,22097711.2,0.0003
2024-11-05,8.0588,8.638,8.0404,8.4599,21791836.3,0.0003
2024-11-06,8.4597,9.7305,8.447,9.5647,27855864.4,0.00028719
2024-11-07,9.5636,9.9657,9.4379,9.8277,24883754.0,0.0003
2024-11-08,9.8276,10.1187,9.4241,9.7257,21603030.9,0.0003
2024-11-09,9.7265,10.5998,9.552,10.4428,22440361.9,0.0003
2024-11-10,10.4427,11.5239,10.2015,10.9135,44617787.4,0.00068003
2024-11-11,10.9135,14.131,10.5663,13.7338,63729209.2,0.00046475
2024-11-12,13.7337,13.7742,11.5398,12.37,69301642.9,0.00146699
2024-11-13,12.3707,13.0258,11.2201,11.7286,60170124.7,0.00068518
2024-11-14,11.73,12.3516,11.011,11.2437,36972303.0,0.0004723
2024-11-15,11.2448,12.2237,11.022,11.8759,30255354.8,0.00041488
2024-11-16,11.876,12.7586,11.7344,12.3148,27282285.7,0.0003
2024-11-17,12.3148,12.721,11.5158,11.7882,26186698.0,0.00067513
2024-11-18,11.7901,12.2821,11.5432,12.0556,23585289.3,0.00048315
2024-11-19,12.0557,12.346,11.4235,11.8121,19217993.6,0.00051761
2024-11-20,11.8123,13.4521,11.1131,11.7889,72376800.9,0.0003
2024-11-21,11.787,12.3616,11.2219,12.0767,37891856.5,0.0003
2024-11-22,12.0791,12.5167,11.6079,12.4884,31353811.1,0.00076957
2024-11-23,12.4884,13.2355,12.2861,12.7506,37974469.6,0.00129674
2024-11-24,12.7535,13.3835,11.5423,12.5247,39316600.0,0.00090449
2024-11-25,12.5269,12.8574,11.6687,11.8316,38271796.7,0.00071118
2024-11-26,11.8302,12.1286,10.9256,12.003,31637462.6,0.00063835
2024-11-27,12.0024,12.7392,11.7427,12.6678,21853854.1,0.00053597
2024-11-28,12.6677,13.073,12.2357,12.7837,23531866.6,0.00096481
2024-11-29,12.7831,13.366,12.5615,13.2958,20088160.6,0.00088775
2024-11-30,13.2959,13.6751,12.85,13.3971,19841008.5,0.00086167
2024-12-01,13.3973,13.9298,12.9039,13.4666,19555702.4,0.0007679599999999
2024-12-02,13.4661,13.8191,12.2697,13.7365,32757358.7,0.00096125
2024-12-03,13.7376,14.7774,12.984,14.525,47420112.8,0.00161497
2024-12-04,14.5267,14.8849,13.666,14.146,32194886.7,0.00143958
2024-12-05,14.1446,14.454,13.0588,13.6412,35269780.8,0.00159056
2024-12-06,13.6416,14.7902,13.4648,14.686,21838420.0,0.00128433
2024-12-07,14.6856,15.3283,14.4103,14.5856,16119924.6,0.00089212
2024-12-08,14.5855,14.65,14.02,14.5176,12493782.0,0.00074011
2024-12-09,14.518,14.5232,10.2291,11.9346,40820363.2,0.00033238
2024-12-10,11.9361,12.2025,10.64,11.6204,38817832.7,0.0003
2024-12-11,11.6203,12.9577,11.1619,12.8777,20346078.0,0.00029373
2024-12-12,12.8777,14.1374,12.8473,13.6781,26841664.2,0.0003
2024-12-13,13.6781,14.557,13.41,14.2219,22089347.1,0.0003
2024-12-14,14.2212,14.7174,13.1446,13.4152,16463181.6,0.0003
2024-12-15,13.4157,13.7638,13.0393,13.664,12497152.1,0.0003
2024-12-16,13.6644,14.2415,13.2156,13.924,18997064.6,0.0003
2024-12-17,13.924,14.3864,12.7269,12.9321,24303636.8,0.0003
2024-12-18,12.9322,12.9926,11.33,11.8282,26022140.8,0.0003
2024-12-19,11.8285,12.75,11.208,11.3699,40187300.4,4.211e-05
2024-12-20,11.3699,11.9122,9.9492,10.8655,47698593.8,8.863e-05
2024-12-21,10.8655,11.2375,9.2579,9.5233,63068989.8,0.0003
2024-12-22,9.5234,9.6724,8.9674,9.2215,36524830.2,0.00022861
2024-12-23,9.2212,9.83,8.87,9.6968,36479155.2,7.072e-05
2024-12-24,9.6967,9.9444,9.2594,9.8099,27019144.5,0.00025014
2024-12-25,9.8088,9.9074,9.467,9.5513,18354840.5,0.00021923
2024-12-26,9.5516,9.6601,8.75,8.8154,22875718.1,0.00015358
2024-12-27,8.8155,9.3067,8.6502,8.738,23565322.6,0.00025748
2024-12-28,8.7372,9.2745,8.6072,9.1875,14596823.1,0.00023336
2024-12-29,9.1894,9.234,8.7902,8.8736,11550510.5,0.0003
2024-12-30,8.8736,9.3209,8.6701,8.8755,19162076.3,0.0003
2024-12-31,8.8755,9.0498,8.6499,8.7121,14880795.4,0.0003
2025-01-01,8.712,9.0363,8.4136,9.0248,16188188.7,0.0003
2025-01-02,9.0248,9.4431,9.0099,9.2907,15441488.0,0.0003
2025-01-03,9.2908,9.8841,9.1508,9.8104,14285344.1,0.0003
2025-01-04,9.8104,10.0741,9.64,9.9917,14152069.0,0.0003
2025-01-05,9.9918,10.1695,9.7046,10.0898,11044767.5,0.0003
2025-01-06,10.0899,10.33,9.8091,10.169,14695336.8,0.0003
2025-01-07,10.17,10.6498,9.506,9.6466,34230899.1,0.00027696
2025-01-08,9.6465,9.7105,8.6338,9.0054,26051052.2,0.00014073
2025-01-09,9.0053,9.1288,8.4444,8.6411,19132469.9,-1.289999999999996e-06
2025-01-10,8.6411,9.2435,8.6404,9.1329,19100798.9,0.00012261
2025-01-11,9.1329,9.2616,8.8365,9.1208,10788198.1,0.00019015
2025-01-12,9.1208,9.1566,8.7158,8.8262,10363848.8,9.022e-05
2025-01-13,8.8261,9.0816,7.81,8.4721,29570277.1,0.00014911
2025-01-14,8.4725,9.1125,8.4039,9.017,14082600.9,0.00029376
2025-01-15,9.017,9.5166,8.7365,9.4666,18443003.3,0.0003
2025-01-16,9.4666,9.51,9.0178,9.2336,17421067.0,0.0003
2025-01-17,9.2339,9.8348,9.2328,9.7524,14761938.8,0.0003
2025-01-18,9.7528,9.8738,9.05,9.3181,16670881.6,0.0003
2025-01-19,9.3188,9.561,8.3923,8.501,30877724.1,0.0003
2025-01-20,8.5011,9.3121,8.2056,8.5483,33718523.6,0.0003
2025-01-21,8.5483,8.8799,8.119,8.7425,19888000.2,0.0003
2025-01-22,8.7426,8.9719,8.4444,8.4997,13174492.7,0.0003
2025-01-23,8.4993,8.5848,8.0787,8.3336,16620000.8,0.0003
2025-01-24,8.3336,8.5767,7.9805,8.2076,15121390.8,0.0003
2025-01-25,8.207,8.261,8.037,8.094,12035050.1,0.00028951
2025-01-26,8.0941,8.436,7.8025,7.8139,12321899.5,0.00028649
2025-01-27,7.8139,7.8169,6.8487,7.624,32855648.5,-7.921000000000001e-05
2025-01-28,7.624,7.7581,7.1207,7.2091,11771895.9,0.00029625
2025-01-29,7.2082,7.6767,7.1528,7.4255,14889846.2,0.0002643
2025-01-30,7.4256,8.0136,7.3548,7.8344,14085725.5,0.0003
2025-01-31,7.8346,8.4051,7.6663,7.8108,17318496.0,0.00028274
2025-02-01,7.8109,7.8581,7.0073,7.0491,16278891.7,0.0003
2025-02-02,7.0488,7.1885,5.8,6.1531,33729119.4,-2.683e-05
2025-02-03,6.1532,6.5078,4.4991,6.4975,67265254.6,-0.00072332
2025-02-04,6.4975,6.5734,5.8221,6.0787,31213004.4,4.669999999999994e-06
2025-02-05,6.0789,6.2671,5.8716,5.9652,18977457.6,-2.632e-05
2025-02-06,5.9651,6.1507,5.6687,5.7246,24667427.2,-0.00052115
2025-02-07,5.724,6.2434,5.5246,5.7071,31155039.7,-0.0008528
2025-02-08,5.707,5.8886,5.5052,5.8411,17859813.5,-0.00104253
2025-02-09,5.841,5.9793,5.5925,5.8994,17207213.4,-3.699e-05
2025-02-10,5.8995,6.3914,5.6644,6.188,27888850.2,-0.00024586
2025-02-11,6.1879,6.3971,5.8022,5.883,21572080.9,-0.00065732
2025-02-12,5.8829,6.2438,5.7344,6.1492,22076468.7,-0.00046369
2025-02-13,6.1498,6.2972,5.9409,6.1339,17335821.8,-0.00041672
2025-02-14,6.1339,6.3168,6.0172,6.1002,17551161.9,6.733000000000001e-05
2025-02-15,6.101,6.2577,5.9572,6.002,14186674.4,-0.00014613
2025-02-16,6.0019,6.0437,5.7609,5.8114,13356211.0,-0.00026557
2025-02-17,5.8112,6.1545,5.7549,5.932,16010027.6,6.164e-05
2025-02-18,5.932,5.9502,5.3356,5.6287,24377477.3,-0.00048551
2025-02-19,5.6287,6.618,5.5816,6.3205,57623883.7,-0.0004829599999999
2025-02-20,6.3207,7.05,6.1337,6.3181,54471087.5,-0.0005179799999999
2025-02-21,6.318,6.4982,5.897,5.9816,40383294.0,1.0469999999999996e-05
2025-02-22,5.9817,6.1599,5.9129,6.0221,18056213.2,-0.00031584
2025-02-23,6.0222,6.2358,5.956,6.1134,15778869.3,-2.832e-05
2025-02-24,6.1134,6.1525,5.26,5.4029,27889565.6,6.240000000000003e-06
2025-02-25,5.403,5.7903,5.0209,5.6321,36321714.4,-0.0002338199999999
2025-02-26,5.6316,5.9522,5.5151,5.903,26179244.2,4.770999999999999e-05
2025-02-27,5.9031,6.5129,5.9022,6.1497,35150500.7,0.00026882
2025-02-28,6.1497,6.482,5.6268,6.4553,33687573.0,0.00021293
2025-03-01,6.4553,6.6137,6.2224,6.3038,21710894.0,0.0003
2025-03-02,6.3038,6.8071,6.1538,6.7548,22864039.4,0.00024887
2025-03-03,6.7548,6.7823,5.6144,5.7317,26962668.7,0.00021554
2025-03-04,5.7313,5.7715,5.0325,5.4505,33550376.3,-0.00031482
2025-03-05,5.451,6.5496,5.3944,6.2052,51538569.8,-0.0004828
2025-03-06,6.2054,6.3028,5.9057,5.9951,25273610.1,0.00016275
2025-03-07,5.9951,6.3781,5.8089,6.162,26003377.0,0.00016193
2025-03-08,6.1621,6.2128,5.7675,5.9503,14627057.3,0.00016768
2025-03-09,5.9498,6.1433,5.5733,5.6107,26918516.0,9.222e-05
2025-03-10,5.6108,5.7541,5.005,5.1938,36675093.8,-0.00017998
2025-03-11,5.1942,5.6571,5.0109,5.3065,35996634.3,-0.0001968799999999
2025-03-12,5.3066,5.3636,5.01,5.201,29020346.6,-0.0005211899999999
2025-03-13,5.2009,5.221,4.9034,5.1476,26865925.1,-0.00044798
2025-03-14,5.1478,5.33,5.1107,5.206,16579669.8,-2.275e-05
2025-03-15,5.2056,5.4416,5.1792,5.3445,12748594.3,-0.00010924
2025-03-16,5.3446,5.3873,5.092,5.1397,11875040.0,0.00013859
2025-03-17,5.1399,5.45,5.1396,5.3437,14058698.0,0.00015579
2025-03-18,5.3433,5.47,5.2043,5.4267,15348019.3,0.00016504
2025-03-19,5.4269,5.64,5.3565,5.6006,16932849.4,9.254e-05
2025-03-20,5.6006,5.638,5.4022,5.6266,11361119.5,9.836e-05
2025-03-21,5.6265,5.7415,5.4004,5.6142,13024216.6,0.00028438
2025-03-22,5.614,5.8141,5.585,5.6738,9895389.3,0.00029151
2025-03-23,5.6735,5.7171,5.5836,5.7099,8709928.3,2.129999999999995e-06
2025-03-24,5.71,6.0515,5.6082,6.0294,14492958.5,0.00019453
2025-03-25,6.0293,6.1,5.8147,5.9119,10831458.1,0.00028249
2025-03-26,5.9125,6.0523,5.7801,5.9423,9805545.2,0.00015164
2025-03-27,5.9431,6.0786,5.8214,5.9597,10409286.0,0.0001866
2025-03-28,5.9592,5.9609,5.409,5.5445,13740289.2,4.280000000000007e-06
2025-03-29,5.5446,5.5922,5.1459,5.2254,12388955.8,0.00012371
2025-03-30,5.2253,5.4052,5.1618,5.2951,9428714.6,-0.00012789
2025-03-31,5.2953,5.4251,5.0665,5.2612,12585668.8,-7.478000000000001e-05
2025-04-01,5.2619,5.4555,5.2464,5.3991,10384290.2,9.719999999999998e-06
2025-04-02,5.399,5.5094,5.0151,5.0951,16536018.4,3.3209999999999995e-05
2025-04-03,5.0951,5.3277,4.9402,5.0561,14829363.5,0.0001103199999999
2025-04-04,5.0567,5.0974,4.7341,4.9034,22305866.7,-4.749e-05
2025-04-05,4.9035,4.9418,4.7788,4.8839,8420362.7,3.061000000000001e-05
2025-04-06,4.8838,4.9139,4.2378,4.3452,21505361.1,0.00019511
2025-04-07,4.3458,4.5754,3.8858,4.4098,34882383.4,5.108e-05
2025-04-08,4.4098,4.7148,4.3054,4.3543,19665894.1,-0.00019202
2025-04-09,4.3544,4.8274,4.1743,4.7299,25692147.5,-0.00010375
2025-04-10,4.7304,4.7339,4.4346,4.61,12412797.4,-0.00014993
2025-04-11,4.6099,4.8657,4.6084,4.785,11116864.1,-0.00010033
2025-04-12,4.7848,4.9899,4.7447,4.9615,9772508.1,-0.00011905
2025-04-13,4.9619,5.2,4.7279,4.8208,17187365.7,-4.589999999999995e-06
2025-04-14,4.8212,4.9974,4.7621,4.8092,12255382.4,2.2920000000000004e-05
2025-04-15,4.8094,4.827,4.6074,4.6196,12574488.5,-8.806999999999999e-05
2025-04-16,4.6192,4.7317,4.482,4.6194,14231917.1,1.93e-05
2025-04-17,4.6196,4.7279,4.5119,4.5883,12116133.2,4.749000000000001e-05
2025-04-18,4.5888,4.8007,4.5451,4.6955,10962321.1,5.1040000000000006e-05
2025-04-19,4.6954,4.957,4.633,4.9144,10909123.1,-0.00011036
2025-04-20,4.9143,5.0789,4.8528,5.0672,9726341.1,0.0002012
2025-04-21,5.0672,5.2412,4.9012,4.9143,13578427.7,0.00013196
2025-04-22,4.9143,5.3,4.7603,5.264,19773179.1,-0.00078847
2025-04-23,5.2639,5.3999,5.207,5.3511,14451467.9,-0.00013464
2025-04-24,5.3507,5.6082,5.1652,5.4954,16759111.6,7.030000000000002e-06
2025-04-25,5.4958,5.6385,5.3338,5.543,15345225.6,8.359e-05
2025-04-26,5.5434,5.6847,5.4893,5.6183,12934157.9,7.696e-05
2025-04-27,5.6185,5.66,5.3103,5.3679,12350851.8,0.00011859
2025-04-28,5.3676,5.6608,5.2378,5.5254,13649191.4,5.319e-05
2025-04-29,5.5252,5.6774,5.377,5.425,10614135.6,-7.194999999999999e-05
2025-04-30,5.4262,5.457,5.1521,5.3436,9420557.9,-0.0001837
2025-05-01,5.3436,5.5875,5.3428,5.5026,9242231.5,0.00022364
2025-05-02,5.5025,5.58,5.3765,5.4418,8388693.7,0.00021902
2025-05-03,5.4419,5.4573,5.1334,5.18,8752067.6,3.4730000000000015e-05
2025-05-04,5.18,5.2119,5.0688,5.0979,8037489.4,-0.00017896
2025-05-05,5.0982,5.2054,4.9642,4.9686,8657421.2,-2.394e-05
2025-05-06,4.9687,4.9706,4.5837,4.7578,14623088.8,-0.00013337
2025-05-07,4.7581,4.822,4.641,4.7909,11688286.1,-0.000313
2025-05-08,4.7908,5.4997,4.7829,5.486,16147772.1,0.00012867
2025-05-09,5.4858,5.8588,5.4453,5.5831,21754306.8,0.0003
2025-05-10,5.583,6.0822,5.4992,6.0741,19145794.6,0.0003
2025-05-11,6.0741,6.2805,5.7753,5.8875,22331524.8,0.0003
2025-05-12,5.8875,6.1625,5.6005,5.8462,26388094.4,0.0003
2025-05-13,5.8457,6.2544,5.503,6.1382,22576158.2,0.0002674
2025-05-14,6.1381,6.1899,5.6815,5.7354,17287371.4,0.0003
2025-05-15,5.7354,5.8237,5.1902,5.311,25482945.3,8.530000000000001e-06
2025-05-16,5.3112,5.4459,5.21,5.2525,14680912.0,-4.401e-05
2025-05-17,5.2526,5.276,5.015,5.0763,15916578.8,8.741e-05
2025-05-18,5.076,5.3219,4.857,5.1864,19008211.6,-0.00011105
2025-05-19,5.1864,5.2249,4.8253,5.2136,18305833.0,-6.759e-05
2025-05-20,5.2137,5.2985,4.9874,5.1472,15162825.4,0.00021391
2025-05-21,5.1475,5.3927,5.0724,5.2712,20177303.2,0.00022905
2025-05-22,5.2715,5.7776,5.2627,5.714,20112429.0,0.0003
2025-05-23,5.7141,5.9927,5.3118,5.3378,28262695.2,0.0003
2025-05-24,5.3377,5.445,5.281,5.3104,11594392.6,-1.3199999999999996e-05
2025-05-25,5.3104,5.342,5.0027,5.2636,15064430.3,-1.058e-05
2025-05-26,5.2633,5.4803,5.2325,5.2913,13411254.5,4.8330000000000007e-05
2025-05-27,5.2916,5.5197,5.1809,5.3667,14370158.0,0.00020705
2025-05-28,5.3667,5.4787,5.226,5.391,14859091.5,0.00019737
2025-05-29,5.391,5.578,5.12,5.1574,15530536.8,0.0003
2025-05-30,5.1573,5.1833,4.6572,4.7366,30665554.4,4.857e-05
2025-05-31,4.7368,4.8171,4.5171,4.7253,17974158.8,-0.00015468
2025-06-01,4.7257,4.8266,4.6224,4.8079,10260139.0,0.00010776
2025-06-02,4.8079,4.9093,4.6552,4.8866,11763583.1,4.695e-05
2025-06-03,4.8865,5.0414,4.8557,4.9371,11586945.1,0.00025506
2025-06-04,4.9371,5.013,4.75,4.7916,12378011.1,0.00026281
2025-06-05,4.7916,4.8662,4.44,4.4822,20053756.5,5.679e-05
2025-06-06,4.4822,4.7232,4.455,4.6112,10501943.0,-0.00010537
2025-06-07,4.6113,4.7709,4.6013,4.7503,8562334.5,0.00011987
2025-06-08,4.7503,4.7824,4.5864,4.7093,9960665.5,0.00019242
2025-06-09,4.7093,4.9621,4.6369,4.9525,10327708.6,0.00014109
2025-06-10,4.9525,5.1415,4.8737,5.1402,12956374.0,0.0003
2025-06-11,5.1403,5.2495,4.9411,5.0179,18942187.3,0.0003
2025-06-12,5.018,5.0704,4.6734,4.6928,13950845.9,-0.00011081
2025-06-13,4.6929,4.699,4.3403,4.4941,26043916.6,-0.00020997
2025-06-14,4.4942,4.5439,4.3074,4.457,12820236.4,4.209e-05
2025-06-15,4.4572,4.5525,4.4282,4.5358,9023952.2,0.00027535
2025-06-16,4.5358,4.9005,4.4929,4.6815,13421495.4,0.00027727
2025-06-17,4.6816,4.7578,4.3793,4.4417,15107995.0,7.21e-06
2025-06-18,4.4417,4.5348,4.2655,4.4557,13235616.7,5.408e-05
2025-06-19,4.4557,4.5057,4.3074,4.3852,9991602.9,0.00011021
2025-06-20,4.3853,4.4734,4.168,4.2703,12639305.2,0.00029558
2025-06-21,4.2702,4.6882,4.0489,4.1602,34613596.8,2.669e-05
2025-06-22,4.1606,4.2194,3.744,3.9263,35890666.7,-0.00017896
2025-06-23,3.9262,4.3547,3.868,4.3133,24121415.3,-0.00016555
2025-06-24,4.3132,5.1412,4.2456,4.9556,59740630.1,0.0003
2025-06-25,4.9557,5.0825,4.6323,4.8889,58197815.7,-0.0001140099999999
2025-06-26,4.889,5.0291,4.6402,4.872,35814076.0,-0.00030145
2025-06-27,4.8719,5.2956,4.8011,4.8354,64927055.8,-0.00076969
2025-06-28,4.8357,4.952,4.7231,4.8463,23507750.2,-0.00075295
2025-06-29,4.8463,5.0118,4.7055,4.9514,24653697.0,-0.00016059
2025-06-30,4.9514,4.958,4.7622,4.8897,27376476.3,6.392000000000001e-05
2025-07-01,4.8896,4.9546,4.482,4.489,26886511.8,-0.00011308
2025-07-02,4.4891,4.8525,4.4131,4.7385,28417974.5,3.499999999999998e-07
2025-07-03,4.7385,4.8556,4.6394,4.737,24652557.3,0.00027481
2025-07-04,4.7371,4.7692,4.3155,4.4007,26147324.1,0.000137
2025-07-05,4.4008,4.4555,4.3447,4.4184,10148286.8,-0.00029891
2025-07-06,4.4186,4.5328,4.3681,4.464,12325942.9,-0.00015191
2025-07-07,4.4636,4.5108,4.3947,4.45,12295724.5,-0.00012757
2025-07-08,4.4502,4.4772,4.35,4.4714,14096298.3,-0.00014385
2025-07-09,4.4715,4.6857,4.3994,4.638,20864982.3,-6.026000000000001e-05
2025-07-10,4.6381,4.9083,4.5593,4.8807,29560313.5,0.0002196
2025-07-11,4.8807,5.0911,4.7756,4.8842,39553348.2,0.0003
2025-07-12,4.8841,4.9483,4.6705,4.8018,22827921.9,0.0003
2025-07-13,4.8028,5.0572,4.7845,4.939,23520802.3,0.00027243
2025-07-14,4.9391,5.2095,4.8912,4.9704,32201637.4,0.0003
2025-07-15,4.9706,5.1171,4.7771,5.0973,31532809.1,0.0001012
2025-07-16,5.0974,5.3775,5.0274,5.2013,34805080.1,0.0003
2025-07-17,5.2014,5.3658,5.0258,5.2915,37022130.4,0.0003
2025-07-18,5.2915,5.5874,5.2002,5.3218,46097270.6,0.0003565399999999
2025-07-19,5.3219,5.4375,5.15,5.3222,22722000.0,0.0003
2025-07-20,5.3223,5.5186,5.2039,5.3121,30782540.0,0.0003
2025-07-21,5.3122,5.5567,5.2242,5.4074,44383308.7,0.0003464
2025-07-22,5.4074,5.4848,5.1516,5.4761,47001460.7,0.0003
2025-07-23,5.4762,5.6586,4.6862,4.8085,69173777.5,0.00023295
2025-07-24,4.8086,4.8655,4.4494,4.6244,52208756.2,-0.00049427
2025-07-25,4.6248,4.7592,4.503,4.7499,32787389.3,-0.00063334
2025-07-26,4.7501,4.86,4.722,4.8021,16189143.8,2.1300000000000003e-05
2025-07-27,4.8022,4.9184,4.7507,4.9012,18391831.4,0.00010431
2025-07-28,4.9011,4.9849,4.6043,4.6509,29531237.5,0.00022652
2025-07-29,4.651,4.7725,4.4451,4.582,31790370.1,-9.13e-05
2025-07-30,4.5821,4.5906,4.2346,4.4879,27206207.4,-0.00036661
2025-07-31,4.488,4.6213,4.2936,4.3163,27377582.6,-0.00040738
2025-08-01,4.3164,4.3814,4.0999,4.2276,36974365.3,-0.00048667
2025-08-02,4.2277,4.2806,4.043,4.1186,24760690.7,0.00018918
2025-08-03,4.1188,4.2499,4.0566,4.2233,12067916.8,0.0001372
2025-08-04,4.2232,4.3678,4.2192,4.3656,17379585.0,2.6310000000000004e-05
2025-08-05,4.3656,4.3773,4.1714,4.2858,25656981.0,-6.214999999999999e-05
2025-08-06,4.2859,4.3029,4.1632,4.2449,22282934.7,-0.00132152
2025-08-07,4.2448,4.4269,4.212,4.4148,25259205.1,-0.00090553
2025-08-08,4.4148,4.7162,4.3481,4.6409,42063828.4,-0.00027967
2025-08-09,4.6409,4.8699,4.6193,4.7817,27482932.4,0.00029507
2025-08-10,4.7818,4.852,4.5838,4.6966,24833254.7,0.0003
2025-08-11,4.6971,4.8367,4.501,4.522,35188009.8,0.00025228
2025-08-12,4.522,4.9021,4.4814,4.8202,30321149.4,0.00016981
2025-08-13,4.82,5.092,4.7219,5.0476,42883372.5,0.0003
2025-08-14,5.0478,5.1507,4.6313,4.7195,49861911.1,0.0003
2025-08-15,4.7195,4.846,4.53,4.6595,30740244.4,-0.0001061
2025-08-16,4.6596,4.7555,4.6102,4.74,14076887.3,-5.630000000000001e-05
2025-08-17,4.7402,4.9474,4.7005,4.7846,22177336.0,0.00021261
2025-08-18,4.7848,4.7928,4.5446,4.5692,28647691.8,-0.00022375
2025-08-19,4.5692,4.6255,4.2806,4.2965,32461532.2,-9.395e-05
2025-08-20,4.2962,4.5116,4.2692,4.4913,25614708.5,-0.00028845
2025-08-21,4.4913,4.5041,4.3377,4.4139,20188123.7,0.00018629
2025-08-22,4.4139,4.8172,4.2734,4.7998,39319940.6,0.00014751
2025-08-23,4.7998,4.8093,4.6039,4.7596,22378758.6,0.0003
2025-08-24,4.7593,4.8056,4.5463,4.622,31309356.0,0.0003
2025-08-25,4.622,4.6602,4.1947,4.2512,35116346.4,5.891000000000002e-05
2025-08-26,4.2516,4.4279,4.2233,4.372,22662986.4,-0.00064794
2025-08-27,4.372,4.4384,4.3326,4.3653,17304422.0,-3.958e-05
2025-08-28,4.3651,4.4832,4.3265,4.467,13408771.4,0.00021188
2025-08-29,4.467,4.4696,4.1801,4.2612,23318459.2,0.00012816
2025-08-30,4.2612,4.3394,4.1826,4.3265,11002581.6,0.00022411
2025-08-31,4.3265,4.369,4.248,4.2517,9860607.6,0.00017537
2025-09-01,4.2517,4.4636,4.1043,4.2103,31065797.8,1.9230000000000004e-05
2025-09-02,4.2106,4.355,4.1784,4.3353,22317981.6,3.275999999999999e-05
2025-09-03,4.3352,4.4136,4.2581,4.3695,14551808.3,0.0003
2025-09-04,4.3696,4.3834,4.1983,4.2402,12413636.3,0.00012633
2025-09-05,4.2401,4.3587,4.2284,4.2472,14546080.8,0.00015663
2025-09-06,4.2471,4.2608,4.1757,4.2011,10438677.1,0.0003
2025-09-07,4.2013,4.289,4.1994,4.2726,8723870.8,0.00028101
2025-09-08,4.2727,4.4436,4.2546,4.4058,17730674.2,0.0003
2025-09-09,4.4058,4.5344,4.3503,4.3905,22646150.8,0.0003
2025-09-10,4.3905,4.4949,4.3609,4.4823,18860628.5,0.0003
2025-09-11,4.4823,4.5491,4.4053,4.5253,16915237.5,0.0003
2025-09-12,4.5253,4.6294,4.4676,4.6228,18270970.7,0.0003
2025-09-13,4.6228,4.7472,4.5633,4.6664,20962848.1,0.0003
2025-09-14,4.6663,4.6703,4.452,4.5238,17311654.0,0.00028591
2025-09-15,4.5238,4.6067,4.3122,4.3762,20363848.0,0.0001178
2025-09-16,4.3762,4.4771,4.3211,4.4436,14226276.6,2.036e-05
2025-09-17,4.4435,4.6104,4.3517,4.5748,21351385.9,4.254e-05
2025-09-18,4.5748,4.74,4.5522,4.6861,21528236.6,0.0003
2025-09-19,4.6866,4.7764,4.5155,4.547,23302237.6,0.00027644
2025-09-20,4.547,4.7268,4.5327,4.6156,19744104.3,-0.00011392
2025-09-21,4.6156,4.6977,4.5653,4.608,17653304.3,0.00019124
2025-09-22,4.6076,4.6329,4.123,4.3022,41166743.2,-0.0001065
2025-09-23,4.3023,4.3683,4.2049,4.2942,18604767.4,4.980999999999999e-05
2025-09-24,4.2941,4.3471,4.1971,4.2335,18311242.7,7.21e-06
2025-09-25,4.2334,4.239,3.8918,3.9299,33473385.3,-0.00021828
2025-09-26,3.9299,4.1189,3.8944,4.1038,22423665.2,-9.799e-05
2025-09-27,4.1033,4.2667,4.053,4.218,16281263.3,0.00023013
2025-09-28,4.218,4.253,4.0555,4.2264,16340994.1,-0.00066466
2025-09-29,4.2263,4.33,4.1874,4.2785,18234903.9,9.93e-05
2025-09-30,4.2784,4.404,4.1926,4.3994,22552672.3,-0.0002688099999999
2025-10-01,4.3992,4.8751,4.3695,4.8737,34151433.1,-0.00081428
2025-10-02,4.8738,5.2329,4.8119,5.2246,46109309.9,0.00027923
2025-10-03,5.2248,5.4529,5.0715,5.3686,45260675.1,3.843999999999999e-05
2025-10-04,5.3687,5.5517,5.1042,5.1963,48118348.8,-0.00088914
2025-10-05,5.1963,5.6551,5.1963,5.4552,47113231.1,-0.00164505
2025-10-06,5.4552,5.4944,5.25,5.2754,43116479.6,-0.00224052
2025-10-07,5.2753,5.4745,5.1852,5.3123,46844607.5,-0.00150693
2025-10-08,5.3114,5.3731,5.1326,5.1684,29452209.8,-0.00126009
2025-10-09,5.1685,5.1696,4.8006,5.0019,38169079.8,-0.00157075
2025-10-10,5.002,5.114,1.7416,3.6441,109720470.6,-0.0007874
2025-10-11,3.6456,4.1013,3.5,3.6382,80304117.1,-0.00718199
2025-10-12,3.6382,4.0239,3.4978,3.9016,59615357.5,-0.00525217
2025-10-13,3.9016,3.9636,3.6372,3.9228,53735919.9,-0.00615003
2025-10-14,3.9228,3.944,3.5252,3.6813,47432173.8,-0.0031055699999999
2025-10-15,3.681,3.7558,3.4115,3.5186,41810593.6,-0.0031967099999999
2025-10-16,3.5186,3.5807,3.2367,3.2932,48162578.4,-0.00199105
2025-10-17,3.2933,3.3395,2.9524,3.1879,61852620.6,-0.00224871
2025-10-18,3.1878,3.2284,3.1099,3.203,22627868.7,-0.00357687
2025-10-19,3.2029,3.2585,3.1225,3.191,29128472.6,-0.00264242
2025-10-20,3.191,3.3567,3.1232,3.257,30336227.7,-0.00281776
2025-10-21,3.2569,3.3794,3.11,3.2171,37136827.0,-0.00206746
2025-10-22,3.2171,3.384,3.0812,3.1865,60714728.0,-0.0041075799999999
2025-10-23,3.1866,3.321,3.1568,3.2397,31573980.9,-0.00298199
2025-10-24,3.2397,3.3151,3.16,3.3003,31281822.6,-0.00236403
2025-10-25,3.3002,3.3256,3.2401,3.3101,15981137.5,-0.0017965199999999
2025-10-26,3.3101,3.6218,3.2739,3.5825,31335812.4,-0.00181905
2025-10-27,3.5825,3.6474,3.4144,3.4553,30010210.5,-0.00123638
2025-10-28,3.4554,3.5095,3.2995,3.3544,29383423.0,-0.00180506
2025-10-29,3.3544,3.5067,3.299,3.4012,30232301.8,-0.00122419
2025-10-30,3.4014,3.4645,3.0624,3.2001,46003751.9,-0.00106734
2025-10-31,3.2001,3.3063,3.182,3.2566,23306952.6,-0.00164024
2025-11-01,3.2565,3.3366,3.2287,3.3291,17187730.3,-0.00059451
2025-11-02,3.329,3.4239,3.2431,3.3723,20461479.2,-0.00147093
2025-11-03,3.3722,3.382,2.7202,2.7738,62891353.8,-0.00159897
2025-11-04,2.7739,2.841,2.3856,2.5576,87720851.2,-0.00317817
2025-11-05,2.5577,2.7033,2.4153,2.6758,44307366.3,-0.00211898
2025-11-06,2.6758,2.7643,2.6,2.7344,47375318.9,-0.00587572
2025-11-07,2.7342,3.2778,2.7203,3.163,126303306.0,-0.0089993
2025-11-08,3.163,3.2383,2.9714,3.0798,35597701.1,-0.00206211
2025-11-09,3.0798,3.2567,2.932,3.2333,33633839.0,-0.00248786
2025-11-10,3.2332,3.3496,3.176,3.2956,33165095.0,-0.00193495
2025-11-11,3.2956,3.3769,3.0675,3.0893,30399790.8,-0.0008384
2025-11-12,3.0894,3.1982,2.9829,3.0335,30242522.0,-0.00100698
2025-11-13,3.0334,3.1631,2.8629,2.9774,37679433.4,-0.0007221199999999
2025-11-14,2.9774,3.1344,2.8052,2.9182,43829561.9,-0.00054503
2025-11-15,2.9183,3.0249,2.888,2.9241,21505752.8,-0.00096074
2025-11-16,2.924,2.9732,2.7415,2.8291,24584778.3,-0.00108307
2025-11-17,2.8291,2.9529,2.68,2.7507,30007809.0,-0.00050223
2025-11-18,2.7507,2.9671,2.7092,2.9118,27495764.4,-0.00026071
2025-11-19,2.9117,2.9295,2.71,2.8834,25611073.0,-0.00065413
2025-11-20,2.8833,3.0579,2.7292,2.7414,37322720.6,-0.00056614
2025-11-21,2.7416,2.8244,2.329,2.3916,63207361.5,-0.00118372
2025-11-22,2.3916,2.4062,2.2793,2.3256,34700617.8,-0.00237401
2025-11-23,2.3255,2.3762,2.3061,2.3377,19483149.6,-0.00162119
2025-11-24,2.3378,2.3888,2.23,2.3414,35003866.3,-0.00146606
2025-11-25,2.3412,2.3617,2.19,2.2916,37227452.9,-0.00124213
2025-11-26,2.2916,2.2988,2.1462,2.2696,34211476.1,-0.00139366
2025-11-27,2.2697,2.3486,2.2241,2.2632,23705748.2,-0.00121024
2025-11-28,2.2631,2.2705,2.1047,2.1558,46546262.2,-0.00112532
2025-11-29,2.1559,2.16,1.968,2.0366,47724339.0,-0.00221704
2025-11-30,2.0366,2.0541,1.976,1.9828,31056193.2,-0.00244379
2025-12-01,1.9827,1.9843,1.8096,1.8675,69830958.6,-0.00068507
2025-12-02,1.8676,2.0077,1.8383,1.9682,51707932.6,-0.00060563
2025-12-03,1.9682,2.0414,1.9501,2.0194,35650405.6,-0.00035665
2025-12-04,2.0194,2.0369,1.9139,1.9352,33229781.1,-0.00010018
2025-12-05,1.935,1.954,1.7107,1.7473,66328735.4,-0.00060368
2025-12-06,1.7472,1.8151,1.6873,1.7556,54725176.5,-0.0030623
2025-12-07,1.7557,1.7741,1.6523,1.7071,55035644.6,-0.00015685
2025-12-08,1.7072,1.8108,1.6805,1.7905,43787156.4,-0.00037357
2025-12-09,1.7905,1.9216,1.7268,1.885,48193719.9,-8.507e-05
2025-12-10,1.885,1.9124,1.7672,1.7767,49684637.5,-0.00044119
2025-12-11,1.7767,1.7794,1.6796,1.7245,46394759.1,-0.00034062
2025-12-12,1.7246,1.7358,1.5968,1.6315,46949035.9,-0.00049245
2025-12-13,1.6315,1.709,1.6241,1.6978,35884366.6,-1.0669999999999994e-05
2025-12-14,1.6979,1.7013,1.5947,1.6142,28258758.0,-0.00037606
2025-12-15,1.6141,1.6704,1.5215,1.5712,46079395.8,-0.00030982
2025-12-16,1.5712,1.6059,1.5368,1.5909,30254955.5,-0.0005980299999999
2025-12-17,1.5908,1.6417,1.4766,1.5003,44935256.2,-0.00018191
2025-12-18,1.5004,1.5669,1.413,1.4495,51428756.4,-0.00028058
2025-12-19,1.4496,1.6623,1.4217,1.6375,54695251.3,-0.00010639
2025-12-20,1.6374,1.6981,1.5909,1.6108,35872800.8,-0.00041315
2025-12-21,1.6109,1.6564,1.5473,1.5729,31420776.9,-0.00050611
2025-12-22,1.5728,1.6662,1.5543,1.6203,37726438.9,-0.0002542
2025-12-23,1.6203,1.6414,1.556,1.612,35342091.0,-0.00043924
2025-12-24,1.612,1.645,1.5534,1.641,26314964.9,-0.00018891
2025-12-25,1.641,1.6879,1.588,1.5913,28856652.3,-0.0001752499999999
2025-12-26,1.5912,1.7206,1.5884,1.68,33808712.3,-0.0002197
2025-12-27,1.68,1.7648,1.6737,1.7545,26523531.7,-3.956e-05
2025-12-28,1.7545,1.7572,1.6949,1.7256,17418390.2,2.897e-05
2025-12-29,1.7256,1.8046,1.6729,1.6763,34993366.1,-0.00018877
2025-12-30,1.6763,1.7542,1.6666,1.7159,28376582.1,0.0002032
2025-12-31,1.716,1.74,1.6418,1.6587,29341465.9,-0.00046468
2026-01-01,1.6587,1.872,1.6515,1.8636,38757624.2,0.00022614
2026-01-02,1.8637,1.9094,1.808,1.9039,34192694.8,-9.19e-06
2026-01-03,1.9039,1.9325,1.8467,1.8995,16782972.4,-0.00017626
2026-01-04,1.8995,1.9572,1.8945,1.9397,19981184.9,0.00011364
2026-01-05,1.9396,1.9869,1.8961,1.9635,25163418.5,-0.0001987
2026-01-06,1.9636,2.011,1.8625,1.9587,33531713.3,-6.065e-05
2026-01-07,1.9589,1.9601,1.8609,1.8852,28907338.2,-0.00021373
2026-01-08,1.8852,1.896,1.7678,1.8169,27542542.2,-0.00030174
2026-01-09,1.817,1.8416,1.7707,1.8242,23663300.1,-4.047e-05
2026-01-10,1.8243,1.8388,1.7971,1.813,11296475.2,-1.662e-05
2026-01-11,1.8131,1.8243,1.7428,1.7687,18340705.4,-0.0007744
2026-01-12,1.7688,1.8216,1.7261,1.765,28218525.9,-0.00019719
2026-01-13,1.7649,2.0022,1.7613,1.9736,44867707.3,0.00011644
2026-01-14,1.9736,1.9887,1.8966,1.9337,25132943.9,0.0003
2026-01-15,1.9337,1.9485,1.7601,1.8012,26909480.5,0.00011965
2026-01-16,1.8013,1.8103,1.7451,1.7883,19041569.2,-0.000306
2026-01-17,1.7884,1.9078,1.7846,1.8646,22404765.1,2.227e-05
2026-01-18,1.8645,1.8816,1.7196,1.7223,24870017.5,-9.039e-05
2026-01-19,1.7222,1.7222,1.4989,1.6114,54906851.9,-0.00055534
2026-01-20,1.6114,1.6293,1.5143,1.5324,37312511.7,-0.00056208
2026-01-21,1.5324,1.6026,1.5051,1.5568,36643285.2,-0.00031272
2026-01-22,1.5568,1.5839,1.5147,1.5481,26561461.7,-0.00041819
2026-01-23,1.5481,1.6161,1.5314,1.5518,27424534.4,-0.00051376
2026-01-24,1.5517,1.5655,1.5329,1.5444,12605212.6,-0.00050344
2026-01-25,1.5445,1.5848,1.4451,1.4873,35765481.3,-0.0004744
2026-01-26,1.4873,1.5906,1.4802,1.5487,29951207.1,-0.00016695
2026-01-27,1.5486,1.5989,1.5223,1.5919,29894982.9,-0.00043824
2026-01-28,1.5919,1.6288,1.5708,1.6112,28149908.0,5.680999999999999e-05
2026-01-29,1.6113,1.6157,1.4401,1.4925,32338243.4,-0.00051108
2026-01-30,1.4924,1.5063,1.4122,1.4513,35371249.8,-0.00111033
2026-01-31,1.4513,1.4535,1.1378,1.2737,68349380.7,-0.00063197
2026-02-01,1.2736,1.2984,1.2043,1.2348,33599961.2,-0.00085709
2026-02-02,1.2348,1.2968,1.1953,1.2782,36548375.8,-0.00029378
2026-02-03,1.2782,1.3019,1.1942,1.2472,36856685.9,0.0001134799999999
2026-02-04,1.2471,1.2808,1.1944,1.2191,35845545.4,-0.00012659
2026-02-05,1.219,1.2366,1.0121,1.0302,85969189.4,-0.00043054
2026-02-06,1.0303,1.1638,0.895,1.1377,122191495.7,-0.00037469
2026-02-07,1.1376,1.1481,1.0795,1.1117,36131332.7,-2.749e-05
2026-02-08,1.1118,1.1119,1.0483,1.0675,24452988.7,-0.00038204
2026-02-09,1.0676,1.0792,1.007,1.0414,28232721.0,-0.00035186
2026-02-10,1.0415,1.047,0.9701,0.9879,36647966.0,-0.00084159
2026-02-11,0.9879,1.0102,0.9142,0.9224,55869504.5,-0.00082817
2026-02-12,0.9225,0.9618,0.8908,0.9237,49631573.6,-0.00120277
2026-02-13,0.9238,0.957,0.8955,0.9394,37157538.8,-0.00037581
2026-02-14,0.9395,1.0074,0.935,0.9872,38916941.5,5.404e-05
2026-02-15,0.9872,0.9879,0.9017,0.9332,46656028.4,-0.00035083
2026-02-16,0.9332,0.9388,0.8943,0.9288,45119376.4,-0.00099658
2026-02-17,0.9289,0.9475,0.9067,0.9164,47521311.2,-0.00073336
2026-02-18,0.9164,0.9289,0.8672,0.8778,52375005.4,-0.00121957
2026-02-19,0.8777,0.8917,0.8377,0.8661,43250102.6,-0.00094034
2026-02-20,0.8661,0.8875,0.8436,0.8825,42658155.6,-0.00026506
2026-02-21,0.8825,0.9086,0.8743,0.8851,27299894.3,-0.0002746
2026-02-22,0.8851,0.8851,0.8204,0.8404,41999279.3,-0.00076121
2026-02-23,0.8403,0.8666,0.7885,0.8096,86459833.1,-0.00162325
2026-02-24,0.8095,0.8372,0.7969,0.8232,46550884.1,-0.00031368
2026-02-25,0.8231,1.1113,0.8207,1.0041,132168991.4,7.534000000000001e-05
2026-02-26,1.0043,1.0101,0.9268,0.9649,87127621.1,-2.419e-05
2026-02-27,0.9649,1.0253,0.918,0.9349,58512708.7,-0.0001848
2026-02-28,0.9349,0.9729,0.8637,0.9616,69184673.0,-0.00037285
2026-03-01,0.9615,0.9793,0.9044,0.9276,52015972.6,-0.00022395
2026-03-02,0.9277,0.9896,0.9138,0.9694,60196941.4,-0.00036928
2026-03-03,0.9694,1.0358,0.9466,1.0118,73337430.5,-0.0010747
2026-03-04,1.0117,1.0294,0.9842,1.0076,62871999.8,-0.00059147
2026-03-05,1.0075,1.0196,0.9632,0.9958,58423542.7,-9.315e-05
2026-03-06,0.9957,1.0242,0.9381,0.9563,45471140.9,-0.00027004
2026-03-07,0.9564,0.9641,0.9304,0.9383,21513676.9,-0.00028388
2026-03-08,0.9383,0.9611,0.9093,0.9278,33211985.7,-0.00029088
2026-03-09,0.9279,0.9849,0.9267,0.9554,36953440.2,-0.00011125
2026-03-10,0.9554,0.9994,0.9419,0.9524,37425920.9,-0.00013327
2026-03-11,0.9524,0.9752,0.9315,0.944,30894175.9,-0.0002192
2026-03-12,0.944,0.9458,0.9017,0.9161,33828084.2,-0.00107664
2026-03-13,0.9161,0.975,0.9088,0.9334,60556844.6,-0.00059606
2026-03-14,0.9333,0.9337,0.9054,0.9198,23515430.1,-0.00051821
2026-03-15,0.9198,0.939,0.9094,0.9343,25007502.5,-0.00093101
2026-03-16,0.9345,1.0289,0.9276,1.019,67165987.1,0.00027708
2026-03-17,1.0191,1.0219,0.9802,1.0045,33546920.7,0.00021087
2026-03-18,1.0045,1.017,0.9372,0.9895,45025215.4,-0.00028241
2026-03-19,0.9896,0.994,0.922,0.9481,39473846.0,-0.00043631
2026-03-20,0.9482,1.0255,0.9456,0.9902,57195675.3,-0.00035519
2026-03-21,0.9902,1.0254,0.9645,0.9717,35527054.5,2.007e-05
2026-03-22,0.9718,0.9861,0.9113,0.9278,42092566.2,-0.00071421
2026-03-23,0.9278,1.0779,0.9046,1.0684,100029597.5,-0.0004983499999999
2026-03-24,1.0685,1.1248,1.0228,1.1145,104264244.8,7.411000000000001e-05
2026-03-25,1.1146,1.1177,1.0492,1.0574,49519789.6,-0.00066481
2026-03-26,1.0573,1.0668,1.0144,1.033,40623586.4,-0.0005554599999999
2026-03-27,1.0331,1.038,0.97,0.975,34307949.4,-0.0002679
2026-03-28,0.9749,0.9787,0.9227,0.9301,30366583.7,-0.0007867
2026-03-29,0.93,0.9433,0.8921,0.9217,26009764.7,-0.0010559999999999
2026-03-30,0.9218,0.9502,0.8789,0.89,41353110.3,-0.00098434
2026-03-31,0.89,0.9149,0.8713,0.8921,38922236.9,-0.00107544
2026-04-01,0.892,0.9169,0.8856,0.89,33048100.8,-0.00099415
2026-04-02,0.89,0.8963,0.8436,0.8587,36747968.5,-0.00044864
2026-04-03,0.8587,0.8725,0.841,0.8478,24327448.4,-0.00046662
2026-04-04,0.8478,0.8529,0.8367,0.8493,20218914.3,-0.00143744
2026-04-05,0.8493,0.8498,0.8245,0.8498,23173160.0,-0.00144165
2026-04-06,0.8498,0.8801,0.8303,0.8374,28847079.5,-0.00069079
2026-04-07,0.8374,0.88,0.8161,0.8713,36577279.1,-0.00109857
2026-04-08,0.8714,0.8836,0.8265,0.8309,37916015.3,-0.00025013
2026-04-09,0.831,0.87,0.8104,0.8458,37891240.3,-0.0019427099999999
2026-04-10,0.8459,0.8774,0.8312,0.8677,41077848.9,-0.00010732
2026-04-11,0.8676,0.8801,0.8427,0.8627,29030288.3,-0.00035608
2026-04-12,0.8628,0.8629,0.8054,0.8102,35214016.2,-0.0016840499999999
2026-04-13,0.8102,0.8763,0.8096,0.873,45249297.8,-0.00154737
2026-04-14,0.873,0.8817,0.8473,0.8591,37479460.7,6.217e-05
2026-04-15,0.8592,0.9344,0.8517,0.895,39787810.0,-0.00022696
2026-04-16,0.8951,1.0075,0.875,1.0004,83128060.2,-3.683e-05
2026-04-17,1.0005,1.0169,0.9622,0.9968,56507772.7,6.91e-05
2026-04-18,0.9967,1.0019,0.9325,0.9352,36491316.8,0.00024356
2026-04-19,0.9352,0.9611,0.9082,0.9102,34532450.8,0.00024887
2026-04-20,0.9102,0.9504,0.909,0.935,28668489.6,9.962e-05
2026-04-21,0.9351,0.9487,0.9165,0.9388,23930757.2,7.241e-05
2026-04-22,0.9389,1.0052,0.9304,0.9446,48431539.3,0.00013424
2026-04-23,0.9446,0.9612,0.924,0.9514,29711176.8,-2.31e-06
2026-04-24,0.9514,0.9877,0.9401,0.9869,22749184.1,0.00027671
2026-04-25,0.9868,0.9968,0.955,0.9668,22343221.0,0.00015367
2026-04-26,0.9668,1.0018,0.9571,0.9825,23087652.9,0.00024315
2026-04-27,0.9826,0.9944,0.9384,0.9659,31656487.9,1.654e-05
2026-04-28,0.966,0.9947,0.9545,0.9656,28170591.4,0.00012089
2026-04-29,0.9655,1.0099,0.9456,0.9896,56230907.9,7.511e-05
2026-04-30,0.9897,1.0374,0.9789,0.9931,57583566.9,-0.00020851
2026-05-01,0.993,1.0478,0.9856,0.9891,41805667.2,-2.202e-05
2026-05-02,0.9891,1.0189,0.9878,1.0019,29521313.0,-7.539e-05
2026-05-03,1.002,1.0027,0.973,0.9853,25906890.0,-0.0001067
2026-05-04,0.9854,1.0203,0.9593,0.9655,43682282.3,-4.398e-05
2026-05-05,0.9656,0.9999,0.9576,0.9906,51515578.5,-0.0002411899999999
2026-05-06,0.9905,1.0655,0.9819,1.022,63779515.2,0.00028871
2026-05-07,1.0221,1.0379,0.9942,1.0267,43561058.2,0.00019953
2026-05-08,1.0268,1.1452,1.0188,1.1294,60764356.7,0.00026543
2026-05-09,1.1295,1.1447,1.0917,1.1029,33092219.6,0.0003
2026-05-10,1.1029,1.239,1.0809,1.1531,103276106.1,7.859e-05
2026-05-11,1.1531,1.1562,1.0974,1.1283,54786262.1,0.00011456
2026-05-12,1.1283,1.1326,1.0563,1.0811,39927753.0,0.00015056
2026-05-13,1.081,1.1274,1.0312,1.0444,38698963.0,-0.00026762
2026-05-14,1.0444,1.0779,1.0204,1.0519,29771860.1,-2.705e-05
2026-05-15,1.0518,1.0598,0.9686,0.9875,40706516.9,-0.0003668499999999
2026-05-16,0.9875,0.9918,0.9397,0.9446,22220667.5,-0.00018075
2026-05-17,0.9448,0.9689,0.8877,0.9292,41040188.6,-0.0003192
2026-05-18,0.9291,0.9489,0.9139,0.9475,40525487.9,-0.00014662
2026-05-19,0.9475,0.9551,0.9265,0.9294,19267460.1,8.398999999999999e-05
2026-05-20,0.9293,0.9599,0.9246,0.9503,22647313.2,-6.11e-05
2026-05-21,0.9503,0.9832,0.9432,0.9732,28311165.8,-0.00024188
2026-05-22,0.9732,1.0019,0.9317,0.9393,41467898.8,6.46e-05
2026-05-23,0.9392,1.0009,0.8983,0.9698,36842942.2,-5.38e-05
2026-05-24,0.9699,0.972,0.9253,0.9447,18739639.3,3.647e-05
2026-05-25,0.9448,0.9888,0.9381,0.9671,22048552.8,5.011000000000002e-05
2026-05-26,0.9672,1.0098,0.9496,0.9717,40329806.6,0.00015876
2026-05-27,0.9718,1.0051,0.9401,0.9497,40110364.8,-5.13e-05
2026-05-28,0.9495,0.9545,0.8997,0.9397,43776948.7,-0.00056126
2026-05-29,0.9397,0.9534,0.8866,0.9371,44533396.6,4.64000000000001e-06
2026-05-30,0.9371,0.9743,0.9314,0.9403,25656498.7,9.131e-05
2026-05-31,0.9404,0.9556,0.9138,0.9461,24164825.3,-0.0001513099999999
2026-06-01,0.9461,0.9601,0.8992,0.9423,38480062.8,1.3900000000000051e-06
2026-06-02,0.9424,0.9435,0.8052,0.8244,67292140.0,-0.0001109
2026-06-03,0.8244,0.871,0.8024,0.8109,54678042.0,-0.00059159
2026-06-04,0.8109,0.8177,0.7285,0.7537,82593872.8,-0.00063137
2026-06-05,0.7536,0.7565,0.631,0.6659,91246908.8,-0.00034971
2026-06-06,0.6659,0.6774,0.6145,0.6555,62382501.0,-0.00027441
2026-06-07,0.6556,0.6933,0.6468,0.671,42490054.1,-1.293e-05
2026-06-08,0.6711,0.6923,0.6536,0.6719,39704435.0,-1.6229999999999992e-05
2026-06-09,0.6719,0.6759,0.6381,0.6643,54011525.0,9.369e-05
2026-06-10,0.6644,0.6713,0.6071,0.6203,43376868.9,-0.00021296
2026-06-11,0.6204,0.6579,0.6181,0.6459,43006627.9,-0.00022457
2026-06-12,0.6459,0.6694,0.6323,0.6421,49816722.6,-0.00039935
2026-06-13,0.6421,0.6846,0.6397,0.6708,31704412.1,-0.00013822
2026-06-14,0.6708,0.6849,0.6442,0.6804,31943077.9,-0.00055212
2026-06-15,0.6804,0.7156,0.6688,0.6783,50242777.7,0.00025323
2026-06-16,0.6784,0.6961,0.6527,0.6686,41468745.2,-0.00018516
2026-06-17,0.6686,0.6958,0.6533,0.6717,57800611.4,2.107e-05
2026-06-18,0.6717,0.6788,0.6184,0.6422,60908681.8,-0.00050909
2026-06-19,0.6422,0.6493,0.6128,0.6336,41115489.3,-0.000107
2026-06-20,0.6336,0.6496,0.6221,0.6455,34716277.0,-0.00011157
2026-06-21,0.6456,0.6666,0.6431,0.6474,32988826.5,-1.829000000000001e-05
2026-06-22,0.6474,0.6859,0.6466,0.6613,41503802.7,2.815e-05
2026-06-23,0.6613,0.6616,0.6146,0.6455,31296144.1,-3.563999999999999e-05
2026-06-24,0.6456,0.6555,0.587,0.6309,50111491.4,2.3199999999999995e-05
2026-06-25,0.631,0.6385,0.5701,0.594,62821134.9,-0.00021103
2026-06-26,0.594,0.614,0.5675,0.5979,41591488.6,-0.00010523
2026-06-27,0.598,0.6084,0.5767,0.5807,23389436.8,2.225e-05
2026-06-28,0.5806,0.5906,0.563,0.5741,27738545.7,-0.0004912
2026-06-29,0.5741,0.5964,0.565,0.5807,35610976.4,0.00015955
2026-06-30,0.5806,0.5806,0.5537,0.5714,38399160.6,-0.00017211
2026-07-01,0.5714,0.6035,0.5579,0.5861,40445166.6,0.0003
2026-07-02,0.5861,0.6256,0.583,0.6089,38413725.8,0.00021425
2026-07-03,0.6089,0.6448,0.6072,0.6373,32005477.5,0.00014642
2026-07-04,0.6372,0.6463,0.6213,0.6274,19044377.3,0.00025627
2026-07-05,0.6274,0.641,0.6113,0.6331,24586280.9,-3.358e-05
2026-07-06,0.6332,0.6452,0.6014,0.6313,33773603.7,0.00015069
2026-07-07,0.6314,0.6514,0.6183,0.6282,57417685.7,0.00024141
2026-07-08,0.6282,0.6351,0.5936,0.6158,58532404.3,-0.00012359
2026-07-09,0.6158,0.6374,0.6129,0.6248,25847546.4,0.00029732
2026-07-10,0.6248,0.637,0.6176,0.6296,23363003.9,0.00018125
2026-07-11,0.6296,0.647,0.6224,0.624,21969393.4,-4.699e-05
2026-07-12,0.6239,0.63,0.6043,0.6103,23958643.7,-0.0002757
2026-07-13,0.6102,0.6198,0.5763,0.5917,38668387.8,-0.00038276
2026-07-14,0.5918,0.6284,0.5892,0.6197,29587893.1,2.256e-05
2026-07-15,0.6198,0.6323,0.6107,0.6234,24306629.8,0.0003
2026-07-16,0.6235,0.6254,0.6012,0.6098,29782519.1,0.0001196799999999
2026-07-17,0.6097,0.6217,0.5912,0.6216,28368291.6,0.00021465
2026-07-18,0.6217,0.6277,0.6017,0.6084,20604995.4,0.00015409
2026-07-19,0.6083,0.6106,0.5887,0.5955,17465692.5,-7.569e-05
2026-07-20,0.5955,0.6075,0.5792,0.6052,39157068.7,-0.0003054699999999
2026-07-21,0.6051,0.6205,0.596,0.6098,25472652.1,0.0003
2026-07-22,0.6097,0.6298,0.6001,0.6229,27978377.1,0.0001509
2026-07-23,0.6229,0.6333,0.6052,0.6176,30910531.5,0.00025333
2026-07-24,0.6175,0.6283,0.597,0.601,32543449.3,-1.6139999999999998e-05
2026-07-25,0.601,0.6168,0.5927,0.611,17429696.7,8.698000000000001e-05
2026-07-26,0.611,0.6379,0.6053,0.6283,29875213.5,0.00021671
2026-07-27,0.6282,0.633,0.5888,0.5921,32605452.8,5.8960000000000005e-05
2026-07-28,0.5922,0.5929,0.5735,0.5867,29548013.5,-0.00047964
2026-07-29,0.5867,0.5901,0.55,0.564,54292084.6,-0.00019679
2026-07-30,0.5639,0.5837,0.5602,0.5687,21784399.2,-0.00028188
2026-07-31,0.5687,0.5764,0.5512,0.5563,24679750.5,-0.00013021
2026-08-01,0.5564,0.5612,0.5436,0.5525,26620085.0,
2026-08-02,0.5525,0.5714,0.5524,0.5628,20635793.7,
2026-08-03,0.5627,0.579,0.5537,0.5755,23881651.3,
2026-08-04,0.5754,0.5836,0.5691,0.5773,21851642.7,
2026-08-05,0.5774,0.5968,0.5758,0.5921,26694558.4,
2026-08-06,0.5921,0.6056,0.5853,0.5909,23781038.9,
2026-08-07,0.591,0.5963,0.5783,0.5796,18906791.0,
2026-08-08,0.5796,0.612,0.5743,0.6035,18579361.6,
2026-08-09,0.6035,0.6161,0.5874,0.5889,22829444.1,
2026-08-10,0.5888,0.5998,0.5842,0.5879,17684066.8,
2026-08-11,0.5879,0.5903,0.5701,0.579,17569719.7,
2026-08-12,0.579,0.579,0.5529,0.5593,23286042.1,
2026-08-13,0.5593,0.5684,0.5541,0.5599,17297733.9,
2026-08-14,0.5599,0.5604,0.5321,0.5423,36954236.2,
2026-08-15,0.5422,0.5464,0.5346,0.537,21665167.6,
2026-08-16,0.537,0.5395,0.5139,0.518,33400191.1,
2026-08-17,0.518,0.5341,0.5153,0.5311,35129081.2,
2026-08-18,0.531,0.5336,0.5165,0.5278,24766412.5,
2026-08-19,0.5278,0.5688,0.5237,0.5621,45979992.0,
2026-08-20,0.5621,0.5838,0.555,0.5757,42848879.2,
2026-08-21,0.5757,0.6568,0.5718,0.6483,93269890.2,
2026-08-22,0.6483,0.715,0.6,0.632,96164722.3,
2026-08-23,0.632,0.6647,0.5952,0.6387,61265522.9,
2026-08-24,0.6387,0.6391,0.599,0.6078,71368556.1,
2026-08-25,0.6077,0.6233,0.5535,0.5617,74001163.7,
2026-08-26,0.5617,0.5732,0.5491,0.5711,52027059.3,
2026-08-27,0.5712,0.5874,0.5587,0.5732,45937579.5,
2026-08-28,0.5732,0.5844,0.5288,0.5382,59187694.2,
2026-08-29,0.5383,0.547,0.5303,0.5427,25940959.8,
2026-08-30,0.5427,0.5498,0.5056,0.5175,45709254.7,
2026-08-31,0.5176,0.5376,0.5146,0.5358,50603628.1,
2026-09-01,0.5358,0.5683,0.5275,0.546,79996920.6,
